provider	model_id	provider_model_dir	manual_attachment	missing_count	missing_fields
berget	BAAI/bge-reranker-base	baai-bge-reranker-base	false	3	limit.context,features.attachment,modalities.output
berget	BAAI/bge-reranker-v2-m3	baai-bge-reranker-v2-m3	false	3	limit.context,features.attachment,modalities.output
berget	bge-reranker	bge-reranker	false	3	limit.context,features.attachment,modalities.output
berget	bge-reranker-base	bge-reranker-base	false	3	limit.context,features.attachment,modalities.output
berget	deepseek-r1	deepseek-r1	false	2	limit.context,features.attachment
berget	e5	e5	false	3	limit.context,features.attachment,modalities.output
berget	e5-instruct	e5-instruct	false	3	limit.context,features.attachment,modalities.output
berget	e5-large	e5-large	false	3	limit.context,features.attachment,modalities.output
berget	e5-large-instruct	e5-large-instruct	false	3	limit.context,features.attachment,modalities.output
berget	gemma	gemma	false	2	limit.context,features.attachment
berget	gemma-4	gemma-4	false	2	limit.context,features.attachment
berget	gemma-4-31b	gemma-4-31b	false	2	limit.context,features.attachment
berget	gemma4	gemma4	false	2	limit.context,features.attachment
berget	gemma4-31b	gemma4-31b	false	2	limit.context,features.attachment
berget	glm	glm	false	2	limit.context,features.attachment
berget	glm-4.6	glm-4-6	false	2	limit.context,features.attachment
berget	glm-4.7	glm-4-7	false	2	limit.context,features.attachment
berget	glm4.6	glm4-6	false	2	limit.context,features.attachment
berget	glm4.7	glm4-7	false	2	limit.context,features.attachment
berget	google/gemma-4	google-gemma-4	false	2	limit.context,features.attachment
berget	google/gemma4	google-gemma4	false	2	limit.context,features.attachment
berget	intfloat/multilingual-e5-large	intfloat-multilingual-e5-large	false	3	limit.context,features.attachment,modalities.output
berget	intfloat/multilingual-e5-large-instruct	intfloat-multilingual-e5-large-instruct	false	3	limit.context,features.attachment,modalities.output
berget	llama-3	llama-3	false	2	limit.context,features.attachment
berget	llama-3.1	llama-3-1	false	2	limit.context,features.attachment
berget	llama-3.1-8b	llama-3-1-8b	false	2	limit.context,features.attachment
berget	llama-3.3	llama-3-3	false	2	limit.context,features.attachment
berget	llama-3.3-70b	llama-3-3-70b	false	2	limit.context,features.attachment
berget	meta/llama-3	meta-llama-3	false	2	limit.context,features.attachment
berget	meta/llama-3.1	meta-llama-3-1	false	2	limit.context,features.attachment
berget	meta/llama-3.1-8b	meta-llama-3-1-8b	false	2	limit.context,features.attachment
berget	meta/llama-3.3	meta-llama-3-3	false	2	limit.context,features.attachment
berget	meta/llama-3.3-70b	meta-llama-3-3-70b	false	2	limit.context,features.attachment
berget	reranker	reranker	false	3	limit.context,features.attachment,modalities.output
berget	unsloth/MAI-DS-R1-GGUF	unsloth-mai-ds-r1-gguf	false	2	limit.context,features.attachment
berget	zai-org/GLM-4.7	zai-org-glm-4-7	false	2	limit.context,features.attachment
berget	zai-org/GLM-4.7-FP8	zai-org-glm-4-7-fp8	false	2	limit.context,features.attachment
berget	zai/glm-4.6	zai-glm-4-6	false	2	limit.context,features.attachment
berget	zai/glm-4.7	zai-glm-4-7	false	2	limit.context,features.attachment
deepseek	deepseek-v4-flash	deepseek-v4-flash	false	1	features.attachment
deepseek	deepseek-v4-pro	deepseek-v4-pro	false	1	features.attachment
fireworks-ai	accounts/cogito/models/cogito-671b-v2-p1	accounts-cogito-models-cogito-671b-v2-p1	false	1	features.attachment
fireworks-ai	accounts/fireworks/models/chronos-hermes-13b-v2	accounts-fireworks-models-chronos-hermes-13b-v2	false	1	features.attachment
fireworks-ai	accounts/fireworks/models/code-llama-13b	accounts-fireworks-models-code-llama-13b	false	1	features.attachment
fireworks-ai	accounts/fireworks/models/code-llama-13b-instruct	accounts-fireworks-models-code-llama-13b-instruct	false	1	features.attachment
fireworks-ai	accounts/fireworks/models/code-llama-13b-python	accounts-fireworks-models-code-llama-13b-python	false	1	features.attachment
fireworks-ai	accounts/fireworks/models/code-llama-34b	accounts-fireworks-models-code-llama-34b	false	1	features.attachment
fireworks-ai	accounts/fireworks/models/code-llama-34b-instruct	accounts-fireworks-models-code-llama-34b-instruct	false	1	features.attachment
fireworks-ai	accounts/fireworks/models/code-llama-34b-python	accounts-fireworks-models-code-llama-34b-python	false	1	features.attachment
fireworks-ai	accounts/fireworks/models/code-llama-70b	accounts-fireworks-models-code-llama-70b	false	1	features.attachment
fireworks-ai	accounts/fireworks/models/code-llama-70b-instruct	accounts-fireworks-models-code-llama-70b-instruct	false	1	features.attachment
fireworks-ai	accounts/fireworks/models/code-llama-70b-python	accounts-fireworks-models-code-llama-70b-python	false	1	features.attachment
fireworks-ai	accounts/fireworks/models/code-llama-7b	accounts-fireworks-models-code-llama-7b	false	1	features.attachment
fireworks-ai	accounts/fireworks/models/code-llama-7b-instruct	accounts-fireworks-models-code-llama-7b-instruct	false	1	features.attachment
fireworks-ai	accounts/fireworks/models/code-qwen-1p5-7b	accounts-fireworks-models-code-qwen-1p5-7b	false	1	features.attachment
fireworks-ai	accounts/fireworks/models/codegemma-2b	accounts-fireworks-models-codegemma-2b	false	1	features.attachment
fireworks-ai	accounts/fireworks/models/codegemma-7b	accounts-fireworks-models-codegemma-7b	false	1	features.attachment
fireworks-ai	accounts/fireworks/models/cogito-v1-preview-llama-3b	accounts-fireworks-models-cogito-v1-preview-llama-3b	false	1	features.attachment
fireworks-ai	accounts/fireworks/models/cogito-v1-preview-llama-70b	accounts-fireworks-models-cogito-v1-preview-llama-70b	false	1	features.attachment
fireworks-ai	accounts/fireworks/models/cogito-v1-preview-llama-8b	accounts-fireworks-models-cogito-v1-preview-llama-8b	false	1	features.attachment
fireworks-ai	accounts/fireworks/models/cogito-v1-preview-qwen-14b	accounts-fireworks-models-cogito-v1-preview-qwen-14b	false	1	features.attachment
fireworks-ai	accounts/fireworks/models/cogito-v1-preview-qwen-32b	accounts-fireworks-models-cogito-v1-preview-qwen-32b	false	1	features.attachment
fireworks-ai	accounts/fireworks/models/deepseek-coder-1b-base	accounts-fireworks-models-deepseek-coder-1b-base	false	1	features.attachment
fireworks-ai	accounts/fireworks/models/deepseek-coder-33b-instruct	accounts-fireworks-models-deepseek-coder-33b-instruct	false	1	features.attachment
fireworks-ai	accounts/fireworks/models/deepseek-coder-7b-base	accounts-fireworks-models-deepseek-coder-7b-base	false	1	features.attachment
fireworks-ai	accounts/fireworks/models/deepseek-coder-7b-base-v1p5	accounts-fireworks-models-deepseek-coder-7b-base-v1p5	false	1	features.attachment
fireworks-ai	accounts/fireworks/models/deepseek-coder-7b-instruct-v1p5	accounts-fireworks-models-deepseek-coder-7b-instruct-v1p5	false	1	features.attachment
fireworks-ai	accounts/fireworks/models/deepseek-coder-v2-lite-base	accounts-fireworks-models-deepseek-coder-v2-lite-base	false	1	features.attachment
fireworks-ai	accounts/fireworks/models/deepseek-coder-v2-lite-instruct	accounts-fireworks-models-deepseek-coder-v2-lite-instruct	false	1	features.attachment
fireworks-ai	accounts/fireworks/models/deepseek-prover-v2	accounts-fireworks-models-deepseek-prover-v2	false	1	features.attachment
fireworks-ai	accounts/fireworks/models/deepseek-r1	accounts-fireworks-models-deepseek-r1	false	1	features.attachment
fireworks-ai	accounts/fireworks/models/deepseek-r1-0528	accounts-fireworks-models-deepseek-r1-0528	false	1	features.attachment
fireworks-ai	accounts/fireworks/models/deepseek-r1-0528-distill-qwen3-8b	accounts-fireworks-models-deepseek-r1-0528-distill-qwen3-8b	false	1	features.attachment
fireworks-ai	accounts/fireworks/models/deepseek-r1-basic	accounts-fireworks-models-deepseek-r1-basic	false	1	features.attachment
fireworks-ai	accounts/fireworks/models/deepseek-r1-distill-llama-70b	accounts-fireworks-models-deepseek-r1-distill-llama-70b	false	1	features.attachment
fireworks-ai	accounts/fireworks/models/deepseek-r1-distill-llama-8b	accounts-fireworks-models-deepseek-r1-distill-llama-8b	false	1	features.attachment
fireworks-ai	accounts/fireworks/models/deepseek-r1-distill-qwen-14b	accounts-fireworks-models-deepseek-r1-distill-qwen-14b	false	1	features.attachment
fireworks-ai	accounts/fireworks/models/deepseek-r1-distill-qwen-1p5b	accounts-fireworks-models-deepseek-r1-distill-qwen-1p5b	false	1	features.attachment
fireworks-ai	accounts/fireworks/models/deepseek-r1-distill-qwen-32b	accounts-fireworks-models-deepseek-r1-distill-qwen-32b	false	1	features.attachment
fireworks-ai	accounts/fireworks/models/deepseek-r1-distill-qwen-7b	accounts-fireworks-models-deepseek-r1-distill-qwen-7b	false	1	features.attachment
fireworks-ai	accounts/fireworks/models/deepseek-v2-lite-chat	accounts-fireworks-models-deepseek-v2-lite-chat	false	1	features.attachment
fireworks-ai	accounts/fireworks/models/deepseek-v2p5	accounts-fireworks-models-deepseek-v2p5	false	1	features.attachment
fireworks-ai	accounts/fireworks/models/deepseek-v3	accounts-fireworks-models-deepseek-v3	false	1	features.attachment
fireworks-ai	accounts/fireworks/models/deepseek-v3-0324	accounts-fireworks-models-deepseek-v3-0324	false	1	features.attachment
fireworks-ai	accounts/fireworks/models/deepseek-v3p1	accounts-fireworks-models-deepseek-v3p1	false	1	features.attachment
fireworks-ai	accounts/fireworks/models/deepseek-v3p1-terminus	accounts-fireworks-models-deepseek-v3p1-terminus	false	1	features.attachment
fireworks-ai	accounts/fireworks/models/deepseek-v3p2	accounts-fireworks-models-deepseek-v3p2	false	1	features.attachment
fireworks-ai	accounts/fireworks/models/deepseek-v4-pro	accounts-fireworks-models-deepseek-v4-pro	false	1	features.attachment
fireworks-ai	accounts/fireworks/models/devstral-small-2505	accounts-fireworks-models-devstral-small-2505	false	1	features.attachment
fireworks-ai	accounts/fireworks/models/dolphin-2-9-2-qwen2-72b	accounts-fireworks-models-dolphin-2-9-2-qwen2-72b	false	1	features.attachment
fireworks-ai	accounts/fireworks/models/dolphin-2p6-mixtral-8x7b	accounts-fireworks-models-dolphin-2p6-mixtral-8x7b	false	1	features.attachment
fireworks-ai	accounts/fireworks/models/ernie-4p5-21b-a3b-pt	accounts-fireworks-models-ernie-4p5-21b-a3b-pt	false	1	features.attachment
fireworks-ai	accounts/fireworks/models/ernie-4p5-300b-a47b-pt	accounts-fireworks-models-ernie-4p5-300b-a47b-pt	false	2	limit.context,features.attachment
fireworks-ai	accounts/fireworks/models/fare-20b	accounts-fireworks-models-fare-20b	false	1	features.attachment
fireworks-ai	accounts/fireworks/models/gemma-2b-it	accounts-fireworks-models-gemma-2b-it	false	1	features.attachment
fireworks-ai	accounts/fireworks/models/gemma-3-12b-it	accounts-fireworks-models-gemma-3-12b-it	false	1	features.attachment
fireworks-ai	accounts/fireworks/models/gemma-3-1b-it	accounts-fireworks-models-gemma-3-1b-it	false	2	limit.context,features.attachment
fireworks-ai	accounts/fireworks/models/gemma-3-27b-it	accounts-fireworks-models-gemma-3-27b-it	false	1	features.attachment
fireworks-ai	accounts/fireworks/models/gemma-3-4b-it	accounts-fireworks-models-gemma-3-4b-it	false	1	features.attachment
fireworks-ai	accounts/fireworks/models/gemma-7b	accounts-fireworks-models-gemma-7b	false	1	features.attachment
fireworks-ai	accounts/fireworks/models/gemma-7b-it	accounts-fireworks-models-gemma-7b-it	false	1	features.attachment
fireworks-ai	accounts/fireworks/models/gemma2-9b-it	accounts-fireworks-models-gemma2-9b-it	false	1	features.attachment
fireworks-ai	accounts/fireworks/models/glm-4p5	accounts-fireworks-models-glm-4p5	false	1	features.attachment
fireworks-ai	accounts/fireworks/models/glm-4p5-air	accounts-fireworks-models-glm-4p5-air	false	1	features.attachment
fireworks-ai	accounts/fireworks/models/glm-4p6	accounts-fireworks-models-glm-4p6	false	1	features.attachment
fireworks-ai	accounts/fireworks/models/glm-4p7	accounts-fireworks-models-glm-4p7	false	1	features.attachment
fireworks-ai	accounts/fireworks/models/glm-4p7-flash	accounts-fireworks-models-glm-4p7-flash	false	1	features.attachment
fireworks-ai	accounts/fireworks/models/glm-5	accounts-fireworks-models-glm-5	false	1	features.attachment
fireworks-ai	accounts/fireworks/models/glm-5p1	accounts-fireworks-models-glm-5p1	false	1	features.attachment
fireworks-ai	accounts/fireworks/models/gpt-oss-120b	accounts-fireworks-models-gpt-oss-120b	false	1	features.attachment
fireworks-ai	accounts/fireworks/models/gpt-oss-20b	accounts-fireworks-models-gpt-oss-20b	false	1	features.attachment
fireworks-ai	accounts/fireworks/models/gpt-oss-safeguard-120b	accounts-fireworks-models-gpt-oss-safeguard-120b	false	1	features.attachment
fireworks-ai	accounts/fireworks/models/gpt-oss-safeguard-20b	accounts-fireworks-models-gpt-oss-safeguard-20b	false	1	features.attachment
fireworks-ai	accounts/fireworks/models/hermes-2-pro-mistral-7b	accounts-fireworks-models-hermes-2-pro-mistral-7b	false	1	features.attachment
fireworks-ai	accounts/fireworks/models/kat-coder	accounts-fireworks-models-kat-coder	false	1	features.attachment
fireworks-ai	accounts/fireworks/models/kat-dev-32b	accounts-fireworks-models-kat-dev-32b	false	1	features.attachment
fireworks-ai	accounts/fireworks/models/kat-dev-72b-exp	accounts-fireworks-models-kat-dev-72b-exp	false	1	features.attachment
fireworks-ai	accounts/fireworks/models/kimi-k2-instruct	accounts-fireworks-models-kimi-k2-instruct	false	1	features.attachment
fireworks-ai	accounts/fireworks/models/kimi-k2-instruct-0905	accounts-fireworks-models-kimi-k2-instruct-0905	false	1	features.attachment
fireworks-ai	accounts/fireworks/models/kimi-k2-thinking	accounts-fireworks-models-kimi-k2-thinking	false	1	features.attachment
fireworks-ai	accounts/fireworks/models/llama-guard-2-8b	accounts-fireworks-models-llama-guard-2-8b	false	1	features.attachment
fireworks-ai	accounts/fireworks/models/llama-guard-3-1b	accounts-fireworks-models-llama-guard-3-1b	false	1	features.attachment
fireworks-ai	accounts/fireworks/models/llama-guard-3-8b	accounts-fireworks-models-llama-guard-3-8b	false	1	features.attachment
fireworks-ai	accounts/fireworks/models/llama-v2-13b	accounts-fireworks-models-llama-v2-13b	false	1	features.attachment
fireworks-ai	accounts/fireworks/models/llama-v2-13b-chat	accounts-fireworks-models-llama-v2-13b-chat	false	1	features.attachment
fireworks-ai	accounts/fireworks/models/llama-v2-70b	accounts-fireworks-models-llama-v2-70b	false	1	features.attachment
fireworks-ai	accounts/fireworks/models/llama-v2-7b	accounts-fireworks-models-llama-v2-7b	false	1	features.attachment
fireworks-ai	accounts/fireworks/models/llama-v2-7b-chat	accounts-fireworks-models-llama-v2-7b-chat	false	1	features.attachment
fireworks-ai	accounts/fireworks/models/llama-v3-70b-instruct	accounts-fireworks-models-llama-v3-70b-instruct	false	1	features.attachment
fireworks-ai	accounts/fireworks/models/llama-v3-70b-instruct-hf	accounts-fireworks-models-llama-v3-70b-instruct-hf	false	1	features.attachment
fireworks-ai	accounts/fireworks/models/llama-v3-8b	accounts-fireworks-models-llama-v3-8b	false	1	features.attachment
fireworks-ai	accounts/fireworks/models/llama-v3-8b-instruct	accounts-fireworks-models-llama-v3-8b-instruct	false	1	features.attachment
fireworks-ai	accounts/fireworks/models/llama-v3-8b-instruct-hf	accounts-fireworks-models-llama-v3-8b-instruct-hf	false	1	features.attachment
fireworks-ai	accounts/fireworks/models/llama-v3p1-405b-instruct	accounts-fireworks-models-llama-v3p1-405b-instruct	false	1	features.attachment
fireworks-ai	accounts/fireworks/models/llama-v3p1-405b-instruct-long	accounts-fireworks-models-llama-v3p1-405b-instruct-long	false	2	limit.context,features.attachment
fireworks-ai	accounts/fireworks/models/llama-v3p1-70b-instruct	accounts-fireworks-models-llama-v3p1-70b-instruct	false	1	features.attachment
fireworks-ai	accounts/fireworks/models/llama-v3p1-70b-instruct-1b	accounts-fireworks-models-llama-v3p1-70b-instruct-1b	false	2	limit.context,features.attachment
fireworks-ai	accounts/fireworks/models/llama-v3p1-8b-instruct	accounts-fireworks-models-llama-v3p1-8b-instruct	false	1	features.attachment
fireworks-ai	accounts/fireworks/models/llama-v3p1-nemotron-70b-instruct	accounts-fireworks-models-llama-v3p1-nemotron-70b-instruct	false	1	features.attachment
fireworks-ai	accounts/fireworks/models/llama-v3p2-1b	accounts-fireworks-models-llama-v3p2-1b	false	1	features.attachment
fireworks-ai	accounts/fireworks/models/llama-v3p2-1b-instruct	accounts-fireworks-models-llama-v3p2-1b-instruct	false	1	features.attachment
fireworks-ai	accounts/fireworks/models/llama-v3p2-3b	accounts-fireworks-models-llama-v3p2-3b	false	1	features.attachment
fireworks-ai	accounts/fireworks/models/llama-v3p2-3b-instruct	accounts-fireworks-models-llama-v3p2-3b-instruct	false	1	features.attachment
fireworks-ai	accounts/fireworks/models/llama-v3p3-70b-instruct	accounts-fireworks-models-llama-v3p3-70b-instruct	false	1	features.attachment
fireworks-ai	accounts/fireworks/models/llamaguard-7b	accounts-fireworks-models-llamaguard-7b	false	1	features.attachment
fireworks-ai	accounts/fireworks/models/minimax-m1-80k	accounts-fireworks-models-minimax-m1-80k	false	2	limit.context,features.attachment
fireworks-ai	accounts/fireworks/models/minimax-m2	accounts-fireworks-models-minimax-m2	false	1	features.attachment
fireworks-ai	accounts/fireworks/models/minimax-m2p1	accounts-fireworks-models-minimax-m2p1	false	1	features.attachment
fireworks-ai	accounts/fireworks/models/minimax-m2p5	accounts-fireworks-models-minimax-m2p5	false	1	features.attachment
fireworks-ai	accounts/fireworks/models/minimax-m2p7	accounts-fireworks-models-minimax-m2p7	false	1	features.attachment
fireworks-ai	accounts/fireworks/models/mistral-7b	accounts-fireworks-models-mistral-7b	false	1	features.attachment
fireworks-ai	accounts/fireworks/models/mistral-7b-instruct-v0p2	accounts-fireworks-models-mistral-7b-instruct-v0p2	false	1	features.attachment
fireworks-ai	accounts/fireworks/models/mistral-7b-instruct-v3	accounts-fireworks-models-mistral-7b-instruct-v3	false	1	features.attachment
fireworks-ai	accounts/fireworks/models/mistral-7b-v0p2	accounts-fireworks-models-mistral-7b-v0p2	false	1	features.attachment
fireworks-ai	accounts/fireworks/models/mistral-nemo-base-2407	accounts-fireworks-models-mistral-nemo-base-2407	false	1	features.attachment
fireworks-ai	accounts/fireworks/models/mistral-nemo-instruct-2407	accounts-fireworks-models-mistral-nemo-instruct-2407	false	1	features.attachment
fireworks-ai	accounts/fireworks/models/mistral-small-24b-instruct-2501	accounts-fireworks-models-mistral-small-24b-instruct-2501	false	1	features.attachment
fireworks-ai	accounts/fireworks/models/mixtral-8x22b	accounts-fireworks-models-mixtral-8x22b	false	1	features.attachment
fireworks-ai	accounts/fireworks/models/mixtral-8x22b-instruct	accounts-fireworks-models-mixtral-8x22b-instruct	false	1	features.attachment
fireworks-ai	accounts/fireworks/models/mixtral-8x7b	accounts-fireworks-models-mixtral-8x7b	false	1	features.attachment
fireworks-ai	accounts/fireworks/models/mixtral-8x7b-instruct	accounts-fireworks-models-mixtral-8x7b-instruct	false	1	features.attachment
fireworks-ai	accounts/fireworks/models/mixtral-8x7b-instruct-hf	accounts-fireworks-models-mixtral-8x7b-instruct-hf	false	1	features.attachment
fireworks-ai	accounts/fireworks/models/mythomax-l2-13b	accounts-fireworks-models-mythomax-l2-13b	false	1	features.attachment
fireworks-ai	accounts/fireworks/models/nemotron-nano-3-30b-a3b	accounts-fireworks-models-nemotron-nano-3-30b-a3b	false	2	limit.context,features.attachment
fireworks-ai	accounts/fireworks/models/nous-capybara-7b-v1p9	accounts-fireworks-models-nous-capybara-7b-v1p9	false	1	features.attachment
fireworks-ai	accounts/fireworks/models/nous-hermes-2-mixtral-8x7b-dpo	accounts-fireworks-models-nous-hermes-2-mixtral-8x7b-dpo	false	1	features.attachment
fireworks-ai	accounts/fireworks/models/nous-hermes-llama2-13b	accounts-fireworks-models-nous-hermes-llama2-13b	false	1	features.attachment
fireworks-ai	accounts/fireworks/models/nous-hermes-llama2-70b	accounts-fireworks-models-nous-hermes-llama2-70b	false	1	features.attachment
fireworks-ai	accounts/fireworks/models/nous-hermes-llama2-7b	accounts-fireworks-models-nous-hermes-llama2-7b	false	1	features.attachment
fireworks-ai	accounts/fireworks/models/nvidia-nemotron-3-nano-omni-30b-a3b	accounts-fireworks-models-nvidia-nemotron-3-nano-omni-30b-a3b	false	1	features.attachment
fireworks-ai	accounts/fireworks/models/nvidia-nemotron-3-super-120b-a12b-fp8	accounts-fireworks-models-nvidia-nemotron-3-super-120b-a12b-fp8	false	1	features.attachment
fireworks-ai	accounts/fireworks/models/nvidia-nemotron-3-super-120b-a12b-nvfp4	accounts-fireworks-models-nvidia-nemotron-3-super-120b-a12b-nvfp4	false	1	features.attachment
fireworks-ai	accounts/fireworks/models/nvidia-nemotron-nano-12b-v2	accounts-fireworks-models-nvidia-nemotron-nano-12b-v2	false	1	features.attachment
fireworks-ai	accounts/fireworks/models/nvidia-nemotron-nano-9b-v2	accounts-fireworks-models-nvidia-nemotron-nano-9b-v2	false	1	features.attachment
fireworks-ai	accounts/fireworks/models/openchat-3p5-0106-7b	accounts-fireworks-models-openchat-3p5-0106-7b	false	1	features.attachment
fireworks-ai	accounts/fireworks/models/openhermes-2-mistral-7b	accounts-fireworks-models-openhermes-2-mistral-7b	false	1	features.attachment
fireworks-ai	accounts/fireworks/models/openhermes-2p5-mistral-7b	accounts-fireworks-models-openhermes-2p5-mistral-7b	false	1	features.attachment
fireworks-ai	accounts/fireworks/models/openorca-7b	accounts-fireworks-models-openorca-7b	false	1	features.attachment
fireworks-ai	accounts/fireworks/models/phi-3-mini-128k-instruct	accounts-fireworks-models-phi-3-mini-128k-instruct	false	1	features.attachment
fireworks-ai	accounts/fireworks/models/phind-code-llama-34b-python-v1	accounts-fireworks-models-phind-code-llama-34b-python-v1	false	1	features.attachment
fireworks-ai	accounts/fireworks/models/phind-code-llama-34b-v1	accounts-fireworks-models-phind-code-llama-34b-v1	false	1	features.attachment
fireworks-ai	accounts/fireworks/models/phind-code-llama-34b-v2	accounts-fireworks-models-phind-code-llama-34b-v2	false	1	features.attachment
fireworks-ai	accounts/fireworks/models/pythia-12b	accounts-fireworks-models-pythia-12b	false	1	features.attachment
fireworks-ai	accounts/fireworks/models/qwen-qwq-32b-preview	accounts-fireworks-models-qwen-qwq-32b-preview	false	1	features.attachment
fireworks-ai	accounts/fireworks/models/qwen-v2p5-14b-instruct	accounts-fireworks-models-qwen-v2p5-14b-instruct	false	1	features.attachment
fireworks-ai	accounts/fireworks/models/qwen-v2p5-7b	accounts-fireworks-models-qwen-v2p5-7b	false	1	features.attachment
fireworks-ai	accounts/fireworks/models/qwen1p5-72b-chat	accounts-fireworks-models-qwen1p5-72b-chat	false	1	features.attachment
fireworks-ai	accounts/fireworks/models/qwen2-72b-instruct	accounts-fireworks-models-qwen2-72b-instruct	false	1	features.attachment
fireworks-ai	accounts/fireworks/models/qwen2-7b-instruct	accounts-fireworks-models-qwen2-7b-instruct	false	1	features.attachment
fireworks-ai	accounts/fireworks/models/qwen2p5-0p5b-instruct	accounts-fireworks-models-qwen2p5-0p5b-instruct	false	1	features.attachment
fireworks-ai	accounts/fireworks/models/qwen2p5-14b	accounts-fireworks-models-qwen2p5-14b	false	1	features.attachment
fireworks-ai	accounts/fireworks/models/qwen2p5-14b-instruct	accounts-fireworks-models-qwen2p5-14b-instruct	false	1	features.attachment
fireworks-ai	accounts/fireworks/models/qwen2p5-1p5b-instruct	accounts-fireworks-models-qwen2p5-1p5b-instruct	false	1	features.attachment
fireworks-ai	accounts/fireworks/models/qwen2p5-32b	accounts-fireworks-models-qwen2p5-32b	false	1	features.attachment
fireworks-ai	accounts/fireworks/models/qwen2p5-32b-instruct	accounts-fireworks-models-qwen2p5-32b-instruct	false	1	features.attachment
fireworks-ai	accounts/fireworks/models/qwen2p5-72b	accounts-fireworks-models-qwen2p5-72b	false	1	features.attachment
fireworks-ai	accounts/fireworks/models/qwen2p5-72b-instruct	accounts-fireworks-models-qwen2p5-72b-instruct	false	1	features.attachment
fireworks-ai	accounts/fireworks/models/qwen2p5-7b	accounts-fireworks-models-qwen2p5-7b	false	1	features.attachment
fireworks-ai	accounts/fireworks/models/qwen2p5-7b-instruct	accounts-fireworks-models-qwen2p5-7b-instruct	false	1	features.attachment
fireworks-ai	accounts/fireworks/models/qwen2p5-coder-0p5b	accounts-fireworks-models-qwen2p5-coder-0p5b	false	1	features.attachment
fireworks-ai	accounts/fireworks/models/qwen2p5-coder-0p5b-instruct	accounts-fireworks-models-qwen2p5-coder-0p5b-instruct	false	1	features.attachment
fireworks-ai	accounts/fireworks/models/qwen2p5-coder-14b	accounts-fireworks-models-qwen2p5-coder-14b	false	1	features.attachment
fireworks-ai	accounts/fireworks/models/qwen2p5-coder-14b-instruct	accounts-fireworks-models-qwen2p5-coder-14b-instruct	false	1	features.attachment
fireworks-ai	accounts/fireworks/models/qwen2p5-coder-1p5b	accounts-fireworks-models-qwen2p5-coder-1p5b	false	1	features.attachment
fireworks-ai	accounts/fireworks/models/qwen2p5-coder-1p5b-instruct	accounts-fireworks-models-qwen2p5-coder-1p5b-instruct	false	1	features.attachment
fireworks-ai	accounts/fireworks/models/qwen2p5-coder-32b	accounts-fireworks-models-qwen2p5-coder-32b	false	1	features.attachment
fireworks-ai	accounts/fireworks/models/qwen2p5-coder-32b-instruct	accounts-fireworks-models-qwen2p5-coder-32b-instruct	false	1	features.attachment
fireworks-ai	accounts/fireworks/models/qwen2p5-coder-32b-instruct-128k	accounts-fireworks-models-qwen2p5-coder-32b-instruct-128k	false	1	features.attachment
fireworks-ai	accounts/fireworks/models/qwen2p5-coder-32b-instruct-32k-rope	accounts-fireworks-models-qwen2p5-coder-32b-instruct-32k-rope	false	1	features.attachment
fireworks-ai	accounts/fireworks/models/qwen2p5-coder-32b-instruct-64k	accounts-fireworks-models-qwen2p5-coder-32b-instruct-64k	false	1	features.attachment
fireworks-ai	accounts/fireworks/models/qwen2p5-coder-3b	accounts-fireworks-models-qwen2p5-coder-3b	false	1	features.attachment
fireworks-ai	accounts/fireworks/models/qwen2p5-coder-3b-instruct	accounts-fireworks-models-qwen2p5-coder-3b-instruct	false	1	features.attachment
fireworks-ai	accounts/fireworks/models/qwen2p5-coder-7b	accounts-fireworks-models-qwen2p5-coder-7b	false	1	features.attachment
fireworks-ai	accounts/fireworks/models/qwen2p5-coder-7b-instruct	accounts-fireworks-models-qwen2p5-coder-7b-instruct	false	1	features.attachment
fireworks-ai	accounts/fireworks/models/qwen2p5-math-72b-instruct	accounts-fireworks-models-qwen2p5-math-72b-instruct	false	1	features.attachment
fireworks-ai	accounts/fireworks/models/qwen3-0p6b	accounts-fireworks-models-qwen3-0p6b	false	1	features.attachment
fireworks-ai	accounts/fireworks/models/qwen3-14b	accounts-fireworks-models-qwen3-14b	false	1	features.attachment
fireworks-ai	accounts/fireworks/models/qwen3-1p7b	accounts-fireworks-models-qwen3-1p7b	false	1	features.attachment
fireworks-ai	accounts/fireworks/models/qwen3-235b-a22b	accounts-fireworks-models-qwen3-235b-a22b	false	1	features.attachment
fireworks-ai	accounts/fireworks/models/qwen3-235b-a22b-instruct-2507	accounts-fireworks-models-qwen3-235b-a22b-instruct-2507	false	1	features.attachment
fireworks-ai	accounts/fireworks/models/qwen3-235b-a22b-thinking-2507	accounts-fireworks-models-qwen3-235b-a22b-thinking-2507	false	1	features.attachment
fireworks-ai	accounts/fireworks/models/qwen3-30b-a3b	accounts-fireworks-models-qwen3-30b-a3b	false	1	features.attachment
fireworks-ai	accounts/fireworks/models/qwen3-30b-a3b-instruct-2507	accounts-fireworks-models-qwen3-30b-a3b-instruct-2507	false	1	features.attachment
fireworks-ai	accounts/fireworks/models/qwen3-30b-a3b-thinking-2507	accounts-fireworks-models-qwen3-30b-a3b-thinking-2507	false	1	features.attachment
fireworks-ai	accounts/fireworks/models/qwen3-32b	accounts-fireworks-models-qwen3-32b	false	1	features.attachment
fireworks-ai	accounts/fireworks/models/qwen3-4b	accounts-fireworks-models-qwen3-4b	false	1	features.attachment
fireworks-ai	accounts/fireworks/models/qwen3-4b-instruct-2507	accounts-fireworks-models-qwen3-4b-instruct-2507	false	1	features.attachment
fireworks-ai	accounts/fireworks/models/qwen3-8b	accounts-fireworks-models-qwen3-8b	false	1	features.attachment
fireworks-ai	accounts/fireworks/models/qwen3-coder-30b-a3b-instruct	accounts-fireworks-models-qwen3-coder-30b-a3b-instruct	false	1	features.attachment
fireworks-ai	accounts/fireworks/models/qwen3-coder-480b-a35b-instruct	accounts-fireworks-models-qwen3-coder-480b-a35b-instruct	false	1	features.attachment
fireworks-ai	accounts/fireworks/models/qwen3-coder-480b-instruct-bf16	accounts-fireworks-models-qwen3-coder-480b-instruct-bf16	false	1	features.attachment
fireworks-ai	accounts/fireworks/models/qwen3-embedding-0p6b	accounts-fireworks-models-qwen3-embedding-0p6b	false	3	pricing.output,features.attachment,modalities.output
fireworks-ai	accounts/fireworks/models/qwen3-embedding-4b	accounts-fireworks-models-qwen3-embedding-4b	false	3	pricing.output,features.attachment,modalities.output
fireworks-ai	accounts/fireworks/models/qwen3-embedding-8b	accounts-fireworks-models-qwen3-embedding-8b	false	3	pricing.output,features.attachment,modalities.output
fireworks-ai	accounts/fireworks/models/qwen3-next-80b-a3b-instruct	accounts-fireworks-models-qwen3-next-80b-a3b-instruct	false	2	limit.context,features.attachment
fireworks-ai	accounts/fireworks/models/qwen3-next-80b-a3b-thinking	accounts-fireworks-models-qwen3-next-80b-a3b-thinking	false	2	limit.context,features.attachment
fireworks-ai	accounts/fireworks/models/qwen3-reranker-0p6b	accounts-fireworks-models-qwen3-reranker-0p6b	false	3	pricing.output,features.attachment,modalities.output
fireworks-ai	accounts/fireworks/models/qwen3-reranker-4b	accounts-fireworks-models-qwen3-reranker-4b	false	3	pricing.output,features.attachment,modalities.output
fireworks-ai	accounts/fireworks/models/qwen3-reranker-8b	accounts-fireworks-models-qwen3-reranker-8b	false	3	pricing.output,features.attachment,modalities.output
fireworks-ai	accounts/fireworks/models/qwen3p5-27b	accounts-fireworks-models-qwen3p5-27b	false	1	features.attachment
fireworks-ai	accounts/fireworks/models/qwen3p5-35b-a3b	accounts-fireworks-models-qwen3p5-35b-a3b	false	1	features.attachment
fireworks-ai	accounts/fireworks/models/qwen3p5-9b	accounts-fireworks-models-qwen3p5-9b	false	1	features.attachment
fireworks-ai	accounts/fireworks/models/qwen3p6-27b	accounts-fireworks-models-qwen3p6-27b	false	1	features.attachment
fireworks-ai	accounts/fireworks/models/qwen3p6-35b-a3b	accounts-fireworks-models-qwen3p6-35b-a3b	false	1	features.attachment
fireworks-ai	accounts/fireworks/models/qwq-32b	accounts-fireworks-models-qwq-32b	false	1	features.attachment
fireworks-ai	accounts/fireworks/models/seed-oss-36b-instruct	accounts-fireworks-models-seed-oss-36b-instruct	false	1	features.attachment
fireworks-ai	accounts/fireworks/models/snorkel-mistral-7b-pairrm-dpo	accounts-fireworks-models-snorkel-mistral-7b-pairrm-dpo	false	1	features.attachment
fireworks-ai	accounts/fireworks/models/toppy-m-7b	accounts-fireworks-models-toppy-m-7b	false	1	features.attachment
fireworks-ai	accounts/fireworks/models/voyage-4-nano	accounts-fireworks-models-voyage-4-nano	false	3	pricing.output,features.attachment,modalities.output
fireworks-ai	accounts/fireworks/models/zephyr-7b-beta	accounts-fireworks-models-zephyr-7b-beta	false	1	features.attachment
fireworks-ai	accounts/sentientfoundation-serverless/models/dobby-mini-unhinged-plus-llama-3-1-8b	accounts-sentientfoundation-serverless-models-dobby-mini-unhinged-plus-llama-3-1-8b	false	1	features.attachment
fireworks-ai	accounts/sentientfoundation/models/dobby-unhinged-llama-3-3-70b-new	accounts-sentientfoundation-models-dobby-unhinged-llama-3-3-70b-new	false	1	features.attachment
github-copilot	gpt-3.5-turbo	gpt-3-5-turbo	false	3	pricing.input,pricing.output,features.attachment
github-copilot	gpt-3.5-turbo-0613	gpt-3-5-turbo-0613	false	3	pricing.input,pricing.output,features.attachment
github-copilot	gpt-4	gpt-4	false	3	pricing.input,pricing.output,features.attachment
github-copilot	gpt-4-0613	gpt-4-0613	false	3	pricing.input,pricing.output,features.attachment
github-copilot	gpt-4-o-preview	gpt-4-o-preview	false	3	pricing.input,pricing.output,features.attachment
github-copilot	gpt-4o-2024-08-06	gpt-4o-2024-08-06	false	3	pricing.input,pricing.output,features.attachment
github-copilot	gpt-4o-mini	gpt-4o-mini	false	3	pricing.input,pricing.output,features.attachment
github-copilot	gpt-4o-mini-2024-07-18	gpt-4o-mini-2024-07-18	false	3	pricing.input,pricing.output,features.attachment
github-copilot	grok-code-fast-1	grok-code-fast-1	false	3	pricing.input,pricing.output,features.attachment
nvidia	abacusai/dracarys-llama-3.1-70b-instruct	abacusai-dracarys-llama-3-1-70b-instruct	false	5	limit.context,pricing.input,pricing.output,features.attachment,features.tool_call
nvidia	baai/bge-m3	baai-bge-m3	false	6	limit.context,pricing.input,pricing.output,features.attachment,features.tool_call,modalities.output
nvidia	bytedance/seed-oss-36b-instruct	bytedance-seed-oss-36b-instruct	false	3	pricing.input,pricing.output,features.attachment
nvidia	deepseek-ai/deepseek-v4-flash	deepseek-ai-deepseek-v4-flash	false	4	limit.context,pricing.input,pricing.output,features.attachment
nvidia	deepseek-ai/deepseek-v4-pro	deepseek-ai-deepseek-v4-pro	false	4	limit.context,pricing.input,pricing.output,features.attachment
nvidia	google/codegemma-7b	google-codegemma-7b	false	6	limit.context,pricing.input,pricing.output,features.attachment,features.tool_call,modalities.output
nvidia	google/gemma-2-2b-it	google-gemma-2-2b-it	false	5	limit.context,pricing.input,pricing.output,features.attachment,features.tool_call
nvidia	moonshotai/kimi-k2-instruct	moonshotai-kimi-k2-instruct	false	4	pricing.input,pricing.output,features.attachment,modalities.output
nvidia	nvidia/embed-qa-4	nvidia-embed-qa-4	false	6	limit.context,pricing.input,pricing.output,features.attachment,features.tool_call,modalities.output
nvidia	nvidia/gliner-pii	nvidia-gliner-pii	false	5	limit.context,pricing.input,pricing.output,features.attachment,features.tool_call
nvidia	nvidia/llama-3.1-nemoguard-8b-content-safety	nvidia-llama-3-1-nemoguard-8b-content-safety	false	5	limit.context,pricing.input,pricing.output,features.attachment,features.tool_call
nvidia	nvidia/llama-3.1-nemoguard-8b-topic-control	nvidia-llama-3-1-nemoguard-8b-topic-control	false	5	limit.context,pricing.input,pricing.output,features.attachment,features.tool_call
nvidia	nvidia/llama-3.1-nemotron-nano-8b-v1	nvidia-llama-3-1-nemotron-nano-8b-v1	false	4	limit.context,pricing.input,pricing.output,features.attachment
nvidia	nvidia/llama-3.1-nemotron-safety-guard-8b-v3	nvidia-llama-3-1-nemotron-safety-guard-8b-v3	false	6	limit.context,pricing.input,pricing.output,features.attachment,features.tool_call,modalities.output
nvidia	nvidia/llama-3.1-nemotron-ultra-253b-v1	nvidia-llama-3-1-nemotron-ultra-253b-v1	false	4	limit.context,pricing.input,pricing.output,features.attachment
nvidia	nvidia/llama-3.2-nemoretriever-300m-embed-v1	nvidia-llama-3-2-nemoretriever-300m-embed-v1	false	5	pricing.input,pricing.output,features.attachment,features.tool_call,modalities.output
nvidia	nvidia/llama-3.2-nv-embedqa-1b-v1	nvidia-llama-3-2-nv-embedqa-1b-v1	false	6	limit.context,pricing.input,pricing.output,features.attachment,features.tool_call,modalities.output
nvidia	nvidia/llama-3.2-nv-embedqa-1b-v2	nvidia-llama-3-2-nv-embedqa-1b-v2	false	6	limit.context,pricing.input,pricing.output,features.attachment,features.tool_call,modalities.output
nvidia	nvidia/llama-3.3-nemotron-super-49b-v1	nvidia-llama-3-3-nemotron-super-49b-v1	false	4	limit.context,pricing.input,pricing.output,features.attachment
nvidia	nvidia/llama-nemotron-embed-1b-v2	nvidia-llama-nemotron-embed-1b-v2	false	6	limit.context,pricing.input,pricing.output,features.attachment,features.tool_call,modalities.output
nvidia	nvidia/nemotron-content-safety-reasoning-4b	nvidia-nemotron-content-safety-reasoning-4b	false	4	pricing.input,pricing.output,features.attachment,features.tool_call
nvidia	nvidia/nemotron-mini-4b-instruct	nvidia-nemotron-mini-4b-instruct	false	4	limit.context,pricing.input,pricing.output,features.attachment
nvidia	nvidia/nv-embed-v1	nvidia-nv-embed-v1	false	5	pricing.input,pricing.output,features.attachment,features.tool_call,modalities.output
nvidia	nvidia/nv-embedcode-7b-v1	nvidia-nv-embedcode-7b-v1	false	6	limit.context,pricing.input,pricing.output,features.attachment,features.tool_call,modalities.output
nvidia	nvidia/nv-embedqa-e5-v5	nvidia-nv-embedqa-e5-v5	false	6	limit.context,pricing.input,pricing.output,features.attachment,features.tool_call,modalities.output
nvidia	nvidia/riva-translate-4b-instruct-v1.1	nvidia-riva-translate-4b-instruct-v1-1	false	5	limit.context,pricing.input,pricing.output,features.attachment,features.tool_call
nvidia	qwen/qwen2.5-coder-32b-instruct	qwen-qwen2-5-coder-32b-instruct	false	5	limit.context,pricing.input,pricing.output,features.attachment,features.tool_call
nvidia	sarvamai/sarvam-m	sarvamai-sarvam-m	false	6	limit.context,pricing.input,pricing.output,features.attachment,features.tool_call,modalities.output
nvidia	snowflake/arctic-embed-l	snowflake-arctic-embed-l	false	6	limit.context,pricing.input,pricing.output,features.attachment,features.tool_call,modalities.output
nvidia	stepfun-ai/step-3.5-flash	stepfun-ai-step-3-5-flash	false	4	pricing.input,pricing.output,features.attachment,features.tool_call
nvidia	stockmark/stockmark-2-100b-instruct	stockmark-stockmark-2-100b-instruct	false	4	pricing.input,pricing.output,features.attachment,features.tool_call
nvidia	z-ai/glm4.7	z-ai-glm4-7	false	3	pricing.input,pricing.output,features.attachment
ollama-cloud	cogito-2.1:671b	cogito-2-1-671b	false	3	pricing.input,pricing.output,features.attachment
ollama-cloud	deepseek-v3.1:671b	deepseek-v3-1-671b	false	3	pricing.input,pricing.output,features.attachment
ollama-cloud	deepseek-v3.2	deepseek-v3-2	false	3	pricing.input,pricing.output,features.attachment
ollama-cloud	deepseek-v4-flash	deepseek-v4-flash	false	3	pricing.input,pricing.output,features.attachment
ollama-cloud	deepseek-v4-pro	deepseek-v4-pro	false	3	pricing.input,pricing.output,features.attachment
ollama-cloud	devstral-2:123b	devstral-2-123b	false	3	pricing.input,pricing.output,features.attachment
ollama-cloud	devstral-small-2:24b	devstral-small-2-24b	true	3	pricing.input,pricing.output,features.attachment
ollama-cloud	gemini-3-flash-preview	gemini-3-flash-preview	true	3	pricing.input,pricing.output,features.attachment
ollama-cloud	gemma3:12b	gemma3-12b	true	4	pricing.input,pricing.output,features.attachment,features.tool_call
ollama-cloud	gemma3:27b	gemma3-27b	true	4	pricing.input,pricing.output,features.attachment,features.tool_call
ollama-cloud	gemma3:4b	gemma3-4b	true	4	pricing.input,pricing.output,features.attachment,features.tool_call
ollama-cloud	gemma4:31b	gemma4-31b	true	3	pricing.input,pricing.output,features.attachment
ollama-cloud	glm-4.6	glm-4-6	false	3	pricing.input,pricing.output,features.attachment
ollama-cloud	glm-4.7	glm-4-7	false	3	pricing.input,pricing.output,features.attachment
ollama-cloud	glm-5	glm-5	false	3	pricing.input,pricing.output,features.attachment
ollama-cloud	glm-5.1	glm-5-1	false	3	pricing.input,pricing.output,features.attachment
ollama-cloud	gpt-oss:120b	gpt-oss-120b	false	3	pricing.input,pricing.output,features.attachment
ollama-cloud	gpt-oss:20b	gpt-oss-20b	false	3	pricing.input,pricing.output,features.attachment
ollama-cloud	kimi-k2-thinking	kimi-k2-thinking	false	3	pricing.input,pricing.output,features.attachment
ollama-cloud	kimi-k2:1t	kimi-k2-1t	false	3	pricing.input,pricing.output,features.attachment
ollama-cloud	kimi-k2.5	kimi-k2-5	true	3	pricing.input,pricing.output,features.attachment
ollama-cloud	kimi-k2.6	kimi-k2-6	true	3	pricing.input,pricing.output,features.attachment
ollama-cloud	minimax-m2	minimax-m2	false	3	pricing.input,pricing.output,features.attachment
ollama-cloud	minimax-m2.1	minimax-m2-1	false	3	pricing.input,pricing.output,features.attachment
ollama-cloud	minimax-m2.5	minimax-m2-5	false	3	pricing.input,pricing.output,features.attachment
ollama-cloud	minimax-m2.7	minimax-m2-7	false	3	pricing.input,pricing.output,features.attachment
ollama-cloud	ministral-3:14b	ministral-3-14b	true	3	pricing.input,pricing.output,features.attachment
ollama-cloud	ministral-3:3b	ministral-3-3b	true	3	pricing.input,pricing.output,features.attachment
ollama-cloud	ministral-3:8b	ministral-3-8b	true	3	pricing.input,pricing.output,features.attachment
ollama-cloud	mistral-large-3:675b	mistral-large-3-675b	true	3	pricing.input,pricing.output,features.attachment
ollama-cloud	nemotron-3-nano:30b	nemotron-3-nano-30b	false	3	pricing.input,pricing.output,features.attachment
ollama-cloud	nemotron-3-super	nemotron-3-super	false	3	pricing.input,pricing.output,features.attachment
ollama-cloud	qwen3-coder-next	qwen3-coder-next	false	3	pricing.input,pricing.output,features.attachment
ollama-cloud	qwen3-coder:480b	qwen3-coder-480b	false	3	pricing.input,pricing.output,features.attachment
ollama-cloud	qwen3-next:80b	qwen3-next-80b	false	3	pricing.input,pricing.output,features.attachment
ollama-cloud	qwen3-vl:235b	qwen3-vl-235b	true	3	pricing.input,pricing.output,features.attachment
ollama-cloud	qwen3-vl:235b-instruct	qwen3-vl-235b-instruct	true	3	pricing.input,pricing.output,features.attachment
ollama-cloud	qwen3.5:397b	qwen3-5-397b	true	3	pricing.input,pricing.output,features.attachment
ollama-cloud	rnj-1:8b	rnj-1-8b	false	3	pricing.input,pricing.output,features.attachment
