provider	model_id	provider_model_dir	source_provider	source_model_id	source_model_dir	source_path	type	missing_fields	source_missing_fields
302ai	openai-gpt-4o-mini	openai-gpt-4o-mini	openrouter	openai/gpt-4o-mini	openai-gpt-4o-mini	openrouter/models/openai-gpt-4o-mini	openrouter-complete	limit.context	
abacus	google/gemma-4-31b-it	google-gemma-4-31b-it	openrouter	google/gemma-4-31b-it	google-gemma-4-31b-it	openrouter/models/google-gemma-4-31b-it	openrouter-complete	features.tool_call	
abacus	openai/gpt-oss-120b	openai-gpt-oss-120b	openrouter	openai/gpt-oss-120b	openai-gpt-oss-120b	openrouter/models/openai-gpt-oss-120b	openrouter-complete	features.tool_call	
abacus	Qwen/Qwen3-32B	qwen-qwen3-32b	openrouter	qwen/qwen3-32b	qwen-qwen3-32b	openrouter/models/qwen-qwen3-32b	openrouter-complete	features.tool_call	
aihubmix	baidu/ERNIE-4.5-300B-A47B	baidu-ernie-4-5-300b-a47b	openrouter	baidu/ernie-4.5-300b-a47b	baidu-ernie-4-5-300b-a47b	openrouter/models/baidu-ernie-4-5-300b-a47b	openrouter-complete	limit.context,modalities.output	
aihubmix	cohere-command-a	cohere-command-a	openrouter	cohere/command-a	cohere-command-a	openrouter/models/cohere-command-a	openrouter-complete	limit.context,modalities.output	
aihubmix	google-gemma-3-12b-it	google-gemma-3-12b-it	openrouter	google/gemma-3-12b-it	google-gemma-3-12b-it	openrouter/models/google-gemma-3-12b-it	openrouter-complete	limit.context,features.attachment,modalities.input,modalities.output	
aihubmix	google-gemma-3-27b-it	google-gemma-3-27b-it	openrouter	google/gemma-3-27b-it	google-gemma-3-27b-it	openrouter/models/google-gemma-3-27b-it	openrouter-complete	limit.context,features.attachment,modalities.input,modalities.output	
aihubmix	google-gemma-3-4b-it	google-gemma-3-4b-it	openrouter	google/gemma-3-4b-it	google-gemma-3-4b-it	openrouter/models/google-gemma-3-4b-it	openrouter-complete	limit.context,features.attachment,modalities.input,modalities.output	
aihubmix	google/gemma-2-27b-it	google-gemma-2-27b-it	openrouter	google/gemma-2-27b-it	google-gemma-2-27b-it	openrouter/models/google-gemma-2-27b-it	openrouter-complete	limit.context,features.attachment,modalities.input,modalities.output	
aihubmix	Gryphe/MythoMax-L2-13b	gryphe-mythomax-l2-13b	openrouter	gryphe/mythomax-l2-13b	gryphe-mythomax-l2-13b	openrouter/models/gryphe-mythomax-l2-13b	openrouter-complete	limit.context,features.attachment,modalities.input,modalities.output	
aihubmix	meta-llama/llama-3.2-3b-instruct:free	meta-llama-llama-3-2-3b-instruct-free	openrouter	meta-llama/llama-3.2-3b-instruct:free	meta-llama-llama-3-2-3b-instruct-free	openrouter/models/meta-llama-llama-3-2-3b-instruct-free	openrouter-complete	limit.context,features.attachment,modalities.input,modalities.output	
aihubmix	nvidia-llama-3.3-nemotron-super-49b-v1.5	nvidia-llama-3-3-nemotron-super-49b-v1-5	openrouter	nvidia/llama-3.3-nemotron-super-49b-v1.5	nvidia-llama-3-3-nemotron-super-49b-v1-5	openrouter/models/nvidia-llama-3-3-nemotron-super-49b-v1-5	openrouter-complete	limit.context,features.attachment,modalities.input,modalities.output	
aihubmix	nvidia-nemotron-3-nano-30b-a3b	nvidia-nemotron-3-nano-30b-a3b	openrouter	nvidia/nemotron-3-nano-30b-a3b	nvidia-nemotron-3-nano-30b-a3b	openrouter/models/nvidia-nemotron-3-nano-30b-a3b	openrouter-complete	limit.context,features.attachment,modalities.input,modalities.output	
aihubmix	nvidia-nemotron-3-super-120b-a12b	nvidia-nemotron-3-super-120b-a12b	openrouter	nvidia/nemotron-3-super-120b-a12b	nvidia-nemotron-3-super-120b-a12b	openrouter/models/nvidia-nemotron-3-super-120b-a12b	openrouter-complete	modalities.output	
aihubmix	nvidia-nemotron-nano-9b-v2	nvidia-nemotron-nano-9b-v2	openrouter	nvidia/nemotron-nano-9b-v2	nvidia-nemotron-nano-9b-v2	openrouter/models/nvidia-nemotron-nano-9b-v2	openrouter-complete	limit.context,features.attachment,modalities.input,modalities.output	
aihubmix	Qwen/Qwen2.5-VL-72B-Instruct	qwen-qwen2-5-vl-72b-instruct	openrouter	qwen/qwen2.5-vl-72b-instruct	qwen-qwen2-5-vl-72b-instruct	openrouter/models/qwen-qwen2-5-vl-72b-instruct	openrouter-complete	limit.context,modalities.output	
aihubmix	Qwen/Qwen3-14B	qwen-qwen3-14b	openrouter	qwen/qwen3-14b	qwen-qwen3-14b	openrouter/models/qwen-qwen3-14b	openrouter-complete	limit.context,features.attachment,modalities.input,modalities.output	
aihubmix	Qwen/Qwen3-30B-A3B	qwen-qwen3-30b-a3b	openrouter	qwen/qwen3-30b-a3b	qwen-qwen3-30b-a3b	openrouter/models/qwen-qwen3-30b-a3b	openrouter-complete	limit.context,features.attachment,modalities.input,modalities.output	
aihubmix	Qwen/Qwen3-32B	qwen-qwen3-32b	openrouter	qwen/qwen3-32b	qwen-qwen3-32b	openrouter/models/qwen-qwen3-32b	openrouter-complete	limit.context,features.attachment,modalities.input,modalities.output	
aihubmix	Qwen/Qwen3-8B	qwen-qwen3-8b	openrouter	qwen/qwen3-8b	qwen-qwen3-8b	openrouter/models/qwen-qwen3-8b	openrouter-complete	limit.context,features.attachment,modalities.input,modalities.output	
aihubmix	tencent/Hunyuan-A13B-Instruct	tencent-hunyuan-a13b-instruct	openrouter	tencent/hunyuan-a13b-instruct	tencent-hunyuan-a13b-instruct	openrouter/models/tencent-hunyuan-a13b-instruct	openrouter-complete	limit.context,features.attachment,modalities.input,modalities.output	
aihubmix	xiaomi-mimo-v2.5	xiaomi-mimo-v2-5	openrouter	xiaomi/mimo-v2.5	xiaomi-mimo-v2-5	openrouter/models/xiaomi-mimo-v2-5	openrouter-complete	modalities.output	
aihubmix	xiaomi-mimo-v2.5-pro	xiaomi-mimo-v2-5-pro	openrouter	xiaomi/mimo-v2.5-pro	xiaomi-mimo-v2-5-pro	openrouter/models/xiaomi-mimo-v2-5-pro	openrouter-complete	modalities.output	
avian	deepseek/deepseek-v3.2	deepseek-deepseek-v3-2	openrouter	deepseek/deepseek-v3.2	deepseek-deepseek-v3-2	openrouter/models/deepseek-deepseek-v3-2	openrouter-complete	features.attachment,features.tool_call,modalities.input,modalities.output	
avian	deepseek/deepseek-v4-flash	deepseek-deepseek-v4-flash	openrouter	deepseek/deepseek-v4-flash	deepseek-deepseek-v4-flash	openrouter/models/deepseek-deepseek-v4-flash	openrouter-complete	features.attachment,features.tool_call,modalities.input,modalities.output	
avian	deepseek/deepseek-v4-pro	deepseek-deepseek-v4-pro	openrouter	deepseek/deepseek-v4-pro	deepseek-deepseek-v4-pro	openrouter/models/deepseek-deepseek-v4-pro	openrouter-complete	features.attachment,features.tool_call,modalities.input,modalities.output	
avian	minimax/minimax-m2.5	minimax-minimax-m2-5	openrouter	minimax/minimax-m2.5	minimax-minimax-m2-5	openrouter/models/minimax-minimax-m2-5	openrouter-complete	features.attachment,features.tool_call,modalities.input,modalities.output	
avian	moonshotai/kimi-k2.5	moonshotai-kimi-k2-5	openrouter	moonshotai/kimi-k2.5	moonshotai-kimi-k2-5	openrouter/models/moonshotai-kimi-k2-5	openrouter-complete	features.attachment,features.tool_call,modalities.input,modalities.output	
avian	moonshotai/kimi-k2.6	moonshotai-kimi-k2-6	openrouter	moonshotai/kimi-k2.6	moonshotai-kimi-k2-6	openrouter/models/moonshotai-kimi-k2-6	openrouter-complete	features.attachment,features.tool_call,modalities.input,modalities.output	
avian	z-ai/glm-5	z-ai-glm-5	openrouter	z-ai/glm-5	z-ai-glm-5	openrouter/models/z-ai-glm-5	openrouter-complete	features.attachment,features.tool_call,modalities.input,modalities.output	
avian	z-ai/glm-5.1	z-ai-glm-5-1	openrouter	z-ai/glm-5.1	z-ai-glm-5-1	openrouter/models/z-ai-glm-5-1	openrouter-complete	features.attachment,features.tool_call,modalities.input,modalities.output	
berget	google/gemma-4-31B-it	google-gemma-4-31b-it	openrouter	google/gemma-4-31b-it	google-gemma-4-31b-it	openrouter/models/google-gemma-4-31b-it	openrouter-complete	limit.context,features.attachment	
berget	meta-llama/Llama-3.1-8B-Instruct	meta-llama-llama-3-1-8b-instruct	openrouter	meta-llama/llama-3.1-8b-instruct	meta-llama-llama-3-1-8b-instruct	openrouter/models/meta-llama-llama-3-1-8b-instruct	openrouter-complete	limit.context,features.attachment	
berget	meta-llama/Llama-3.3-70B-Instruct	meta-llama-llama-3-3-70b-instruct	openrouter	meta-llama/llama-3.3-70b-instruct	meta-llama-llama-3-3-70b-instruct	openrouter/models/meta-llama-llama-3-3-70b-instruct	openrouter-complete	limit.context,features.attachment	
berget	openai/gpt-oss-120b	openai-gpt-oss-120b	openrouter	openai/gpt-oss-120b	openai-gpt-oss-120b	openrouter/models/openai-gpt-oss-120b	openrouter-complete	limit.context	
cortecs	nvidia-nemotron-3-nano-30b-a3b	nvidia-nemotron-3-nano-30b-a3b	openrouter	nvidia/nemotron-3-nano-30b-a3b	nvidia-nemotron-3-nano-30b-a3b	openrouter/models/nvidia-nemotron-3-nano-30b-a3b	openrouter-complete	modalities.input,modalities.output	
deepinfra	google/gemini-2.5-flash	google-gemini-2-5-flash	openrouter	google/gemini-2.5-flash	google-gemini-2-5-flash	openrouter/models/google-gemini-2-5-flash	openrouter-complete	features.tool_call,modalities.input,modalities.output	
deepinfra	google/gemini-2.5-pro	google-gemini-2-5-pro	openrouter	google/gemini-2.5-pro	google-gemini-2-5-pro	openrouter/models/google-gemini-2-5-pro	openrouter-complete	features.tool_call,modalities.input,modalities.output	
deepinfra	google/gemma-3-12b-it	google-gemma-3-12b-it	openrouter	google/gemma-3-12b-it	google-gemma-3-12b-it	openrouter/models/google-gemma-3-12b-it	openrouter-complete	features.tool_call,modalities.input,modalities.output	
deepinfra	google/gemma-3-27b-it	google-gemma-3-27b-it	openrouter	google/gemma-3-27b-it	google-gemma-3-27b-it	openrouter/models/google-gemma-3-27b-it	openrouter-complete	features.tool_call,modalities.input,modalities.output	
deepinfra	google/gemma-3-4b-it	google-gemma-3-4b-it	openrouter	google/gemma-3-4b-it	google-gemma-3-4b-it	openrouter/models/google-gemma-3-4b-it	openrouter-complete	features.tool_call,modalities.input,modalities.output	
deepinfra	google/gemma-4-26B-A4B-it	google-gemma-4-26b-a4b-it	openrouter	google/gemma-4-26b-a4b-it	google-gemma-4-26b-a4b-it	openrouter/models/google-gemma-4-26b-a4b-it	openrouter-complete	features.tool_call,modalities.input,modalities.output	
deepinfra	google/gemma-4-31B-it	google-gemma-4-31b-it	openrouter	google/gemma-4-31b-it	google-gemma-4-31b-it	openrouter/models/google-gemma-4-31b-it	openrouter-complete	features.tool_call,modalities.input,modalities.output	
deepinfra	Gryphe/MythoMax-L2-13b	gryphe-mythomax-l2-13b	openrouter	gryphe/mythomax-l2-13b	gryphe-mythomax-l2-13b	openrouter/models/gryphe-mythomax-l2-13b	openrouter-complete	features.tool_call,modalities.input,modalities.output	
deepinfra	meta-llama/Llama-3.2-11B-Vision-Instruct	meta-llama-llama-3-2-11b-vision-instruct	openrouter	meta-llama/llama-3.2-11b-vision-instruct	meta-llama-llama-3-2-11b-vision-instruct	openrouter/models/meta-llama-llama-3-2-11b-vision-instruct	openrouter-complete	features.tool_call,modalities.input,modalities.output	
deepinfra	meta-llama/Llama-Guard-4-12B	meta-llama-llama-guard-4-12b	openrouter	meta-llama/llama-guard-4-12b	meta-llama-llama-guard-4-12b	openrouter/models/meta-llama-llama-guard-4-12b	openrouter-complete	features.tool_call,modalities.input,modalities.output	
deepinfra	microsoft/phi-4	microsoft-phi-4	openrouter	microsoft/phi-4	microsoft-phi-4	openrouter/models/microsoft-phi-4	openrouter-complete	features.tool_call,modalities.input,modalities.output	
deepinfra	mistralai/Mistral-Small-24B-Instruct-2501	mistralai-mistral-small-24b-instruct-2501	openrouter	mistralai/mistral-small-24b-instruct-2501	mistralai-mistral-small-24b-instruct-2501	openrouter/models/mistralai-mistral-small-24b-instruct-2501	openrouter-complete	features.tool_call,modalities.input,modalities.output	
deepinfra	moonshotai/Kimi-K2.5	moonshotai-kimi-k2-5	openrouter	moonshotai/kimi-k2.5	moonshotai-kimi-k2-5	openrouter/models/moonshotai-kimi-k2-5	openrouter-complete	features.tool_call,modalities.input,modalities.output	
deepinfra	moonshotai/Kimi-K2.6	moonshotai-kimi-k2-6	openrouter	moonshotai/kimi-k2.6	moonshotai-kimi-k2-6	openrouter/models/moonshotai-kimi-k2-6	openrouter-complete	features.tool_call,modalities.input,modalities.output	
deepinfra	NousResearch/Hermes-3-Llama-3.1-405B	nousresearch-hermes-3-llama-3-1-405b	openrouter	nousresearch/hermes-3-llama-3.1-405b	nousresearch-hermes-3-llama-3-1-405b	openrouter/models/nousresearch-hermes-3-llama-3-1-405b	openrouter-complete	features.tool_call,modalities.input,modalities.output	
deepinfra	NousResearch/Hermes-3-Llama-3.1-70B	nousresearch-hermes-3-llama-3-1-70b	openrouter	nousresearch/hermes-3-llama-3.1-70b	nousresearch-hermes-3-llama-3-1-70b	openrouter/models/nousresearch-hermes-3-llama-3-1-70b	openrouter-complete	features.tool_call,modalities.input,modalities.output	
deepinfra	nvidia/Llama-3.3-Nemotron-Super-49B-v1.5	nvidia-llama-3-3-nemotron-super-49b-v1-5	openrouter	nvidia/llama-3.3-nemotron-super-49b-v1.5	nvidia-llama-3-3-nemotron-super-49b-v1-5	openrouter/models/nvidia-llama-3-3-nemotron-super-49b-v1-5	openrouter-complete	features.tool_call,modalities.input,modalities.output	
deepinfra	nvidia/Nemotron-3-Nano-30B-A3B	nvidia-nemotron-3-nano-30b-a3b	openrouter	nvidia/nemotron-3-nano-30b-a3b	nvidia-nemotron-3-nano-30b-a3b	openrouter/models/nvidia-nemotron-3-nano-30b-a3b	openrouter-complete	features.tool_call,modalities.input,modalities.output	
deepinfra	openai/gpt-oss-120b	openai-gpt-oss-120b	openrouter	openai/gpt-oss-120b	openai-gpt-oss-120b	openrouter/models/openai-gpt-oss-120b	openrouter-complete	features.tool_call,modalities.input,modalities.output	
deepinfra	openai/gpt-oss-20b	openai-gpt-oss-20b	openrouter	openai/gpt-oss-20b	openai-gpt-oss-20b	openrouter/models/openai-gpt-oss-20b	openrouter-complete	features.tool_call,modalities.input,modalities.output	
deepinfra	Qwen/Qwen3-14B	qwen-qwen3-14b	openrouter	qwen/qwen3-14b	qwen-qwen3-14b	openrouter/models/qwen-qwen3-14b	openrouter-complete	features.tool_call,modalities.input,modalities.output	
deepinfra	Qwen/Qwen3-235B-A22B-Thinking-2507	qwen-qwen3-235b-a22b-thinking-2507	openrouter	qwen/qwen3-235b-a22b-thinking-2507	qwen-qwen3-235b-a22b-thinking-2507	openrouter/models/qwen-qwen3-235b-a22b-thinking-2507	openrouter-complete	features.tool_call,modalities.input,modalities.output	
deepinfra	Qwen/Qwen3-30B-A3B	qwen-qwen3-30b-a3b	openrouter	qwen/qwen3-30b-a3b	qwen-qwen3-30b-a3b	openrouter/models/qwen-qwen3-30b-a3b	openrouter-complete	features.tool_call,modalities.input,modalities.output	
deepinfra	Qwen/Qwen3-32B	qwen-qwen3-32b	openrouter	qwen/qwen3-32b	qwen-qwen3-32b	openrouter/models/qwen-qwen3-32b	openrouter-complete	features.tool_call,modalities.input,modalities.output	
deepinfra	Qwen/Qwen3-Max	qwen-qwen3-max	openrouter	qwen/qwen3-max	qwen-qwen3-max	openrouter/models/qwen-qwen3-max	openrouter-complete	features.tool_call,modalities.input,modalities.output	
deepinfra	Qwen/Qwen3-Max-Thinking	qwen-qwen3-max-thinking	openrouter	qwen/qwen3-max-thinking	qwen-qwen3-max-thinking	openrouter/models/qwen-qwen3-max-thinking	openrouter-complete	features.tool_call,modalities.input,modalities.output	
deepinfra	Qwen/Qwen3-Next-80B-A3B-Instruct	qwen-qwen3-next-80b-a3b-instruct	openrouter	qwen/qwen3-next-80b-a3b-instruct	qwen-qwen3-next-80b-a3b-instruct	openrouter/models/qwen-qwen3-next-80b-a3b-instruct	openrouter-complete	features.tool_call,modalities.input,modalities.output	
deepinfra	Qwen/Qwen3-VL-235B-A22B-Instruct	qwen-qwen3-vl-235b-a22b-instruct	openrouter	qwen/qwen3-vl-235b-a22b-instruct	qwen-qwen3-vl-235b-a22b-instruct	openrouter/models/qwen-qwen3-vl-235b-a22b-instruct	openrouter-complete	features.tool_call,modalities.input,modalities.output	
deepinfra	Qwen/Qwen3-VL-30B-A3B-Instruct	qwen-qwen3-vl-30b-a3b-instruct	openrouter	qwen/qwen3-vl-30b-a3b-instruct	qwen-qwen3-vl-30b-a3b-instruct	openrouter/models/qwen-qwen3-vl-30b-a3b-instruct	openrouter-complete	features.tool_call,modalities.input,modalities.output	
deepinfra	Qwen/Qwen3.5-122B-A10B	qwen-qwen3-5-122b-a10b	openrouter	qwen/qwen3.5-122b-a10b	qwen-qwen3-5-122b-a10b	openrouter/models/qwen-qwen3-5-122b-a10b	openrouter-complete	features.tool_call,modalities.input,modalities.output	
deepinfra	Qwen/Qwen3.5-27B	qwen-qwen3-5-27b	openrouter	qwen/qwen3.5-27b	qwen-qwen3-5-27b	openrouter/models/qwen-qwen3-5-27b	openrouter-complete	features.tool_call,modalities.input,modalities.output	
deepinfra	Qwen/Qwen3.5-35B-A3B	qwen-qwen3-5-35b-a3b	openrouter	qwen/qwen3.5-35b-a3b	qwen-qwen3-5-35b-a3b	openrouter/models/qwen-qwen3-5-35b-a3b	openrouter-complete	features.tool_call,modalities.input,modalities.output	
deepinfra	Qwen/Qwen3.5-397B-A17B	qwen-qwen3-5-397b-a17b	openrouter	qwen/qwen3.5-397b-a17b	qwen-qwen3-5-397b-a17b	openrouter/models/qwen-qwen3-5-397b-a17b	openrouter-complete	features.tool_call,modalities.input,modalities.output	
deepinfra	Qwen/Qwen3.5-9B	qwen-qwen3-5-9b	openrouter	qwen/qwen3.5-9b	qwen-qwen3-5-9b	openrouter/models/qwen-qwen3-5-9b	openrouter-complete	features.tool_call,modalities.input,modalities.output	
deepinfra	Qwen/Qwen3.6-27B	qwen-qwen3-6-27b	openrouter	qwen/qwen3.6-27b	qwen-qwen3-6-27b	openrouter/models/qwen-qwen3-6-27b	openrouter-complete	features.tool_call,modalities.input,modalities.output	
deepinfra	Qwen/Qwen3.6-35B-A3B	qwen-qwen3-6-35b-a3b	openrouter	qwen/qwen3.6-35b-a3b	qwen-qwen3-6-35b-a3b	openrouter/models/qwen-qwen3-6-35b-a3b	openrouter-complete	features.tool_call,modalities.input,modalities.output	
github-models	deepseek/deepseek-r1	deepseek-deepseek-r1	openrouter	deepseek/deepseek-r1	deepseek-deepseek-r1	openrouter/models/deepseek-deepseek-r1	openrouter-complete	limit.context,pricing.input,pricing.output	
github-models	deepseek/deepseek-r1-0528	deepseek-deepseek-r1-0528	openrouter	deepseek/deepseek-r1-0528	deepseek-deepseek-r1-0528	openrouter/models/deepseek-deepseek-r1-0528	openrouter-complete	limit.context,pricing.input,pricing.output	
github-models	microsoft/phi-4	microsoft-phi-4	openrouter	microsoft/phi-4	microsoft-phi-4	openrouter/models/microsoft-phi-4	openrouter-complete	limit.context,pricing.input,pricing.output	
github-models	microsoft/phi-4-mini-instruct	microsoft-phi-4-mini-instruct	openrouter	microsoft/phi-4-mini-instruct	microsoft-phi-4-mini-instruct	openrouter/models/microsoft-phi-4-mini-instruct	openrouter-complete	limit.context,pricing.input,pricing.output	
github-models	openai/gpt-4.1	openai-gpt-4-1	openrouter	openai/gpt-4.1	openai-gpt-4-1	openrouter/models/openai-gpt-4-1	openrouter-complete	limit.context,pricing.input,pricing.output	
github-models	openai/gpt-4.1-mini	openai-gpt-4-1-mini	openrouter	openai/gpt-4.1-mini	openai-gpt-4-1-mini	openrouter/models/openai-gpt-4-1-mini	openrouter-complete	limit.context,pricing.input,pricing.output	
github-models	openai/gpt-4.1-nano	openai-gpt-4-1-nano	openrouter	openai/gpt-4.1-nano	openai-gpt-4-1-nano	openrouter/models/openai-gpt-4-1-nano	openrouter-complete	limit.context,pricing.input,pricing.output	
github-models	openai/gpt-4o	openai-gpt-4o	openrouter	openai/gpt-4o	openai-gpt-4o	openrouter/models/openai-gpt-4o	openrouter-complete	limit.context,pricing.input,pricing.output	
github-models	openai/gpt-4o-mini	openai-gpt-4o-mini	openrouter	openai/gpt-4o-mini	openai-gpt-4o-mini	openrouter/models/openai-gpt-4o-mini	openrouter-complete	limit.context,pricing.input,pricing.output	
github-models	openai/gpt-5	openai-gpt-5	openrouter	openai/gpt-5	openai-gpt-5	openrouter/models/openai-gpt-5	openrouter-complete	limit.context,pricing.input,pricing.output	
github-models	openai/gpt-5-chat	openai-gpt-5-chat	openrouter	openai/gpt-5-chat	openai-gpt-5-chat	openrouter/models/openai-gpt-5-chat	openrouter-complete	limit.context,pricing.input,pricing.output	
github-models	openai/gpt-5-mini	openai-gpt-5-mini	openrouter	openai/gpt-5-mini	openai-gpt-5-mini	openrouter/models/openai-gpt-5-mini	openrouter-complete	limit.context,pricing.input,pricing.output	
github-models	openai/gpt-5-nano	openai-gpt-5-nano	openrouter	openai/gpt-5-nano	openai-gpt-5-nano	openrouter/models/openai-gpt-5-nano	openrouter-complete	limit.context,pricing.input,pricing.output	
github-models	openai/o1	openai-o1	openrouter	openai/o1	openai-o1	openrouter/models/openai-o1	openrouter-complete	limit.context,pricing.input,pricing.output	
github-models	openai/o3	openai-o3	openrouter	openai/o3	openai-o3	openrouter/models/openai-o3	openrouter-complete	limit.context,pricing.input,pricing.output	
github-models	openai/o3-mini	openai-o3-mini	openrouter	openai/o3-mini	openai-o3-mini	openrouter/models/openai-o3-mini	openrouter-complete	limit.context,pricing.input,pricing.output	
github-models	openai/o4-mini	openai-o4-mini	openrouter	openai/o4-mini	openai-o4-mini	openrouter/models/openai-o4-mini	openrouter-complete	limit.context,pricing.input,pricing.output	
huggingface	google/gemma-3-27b-it	google-gemma-3-27b-it	openrouter	google/gemma-3-27b-it	google-gemma-3-27b-it	openrouter/models/google-gemma-3-27b-it	openrouter-complete	limit.context,pricing.input,pricing.output,features.tool_call	
huggingface	meta-llama/Llama-3.1-70B-Instruct	meta-llama-llama-3-1-70b-instruct	openrouter	meta-llama/llama-3.1-70b-instruct	meta-llama-llama-3-1-70b-instruct	openrouter/models/meta-llama-llama-3-1-70b-instruct	openrouter-complete	limit.context,pricing.input,pricing.output,features.tool_call	
huggingface	meta-llama/Llama-3.2-1B-Instruct	meta-llama-llama-3-2-1b-instruct	openrouter	meta-llama/llama-3.2-1b-instruct	meta-llama-llama-3-2-1b-instruct	openrouter/models/meta-llama-llama-3-2-1b-instruct	openrouter-complete	pricing.input,pricing.output	
huggingface	openai/gpt-oss-safeguard-20b	openai-gpt-oss-safeguard-20b	openrouter	openai/gpt-oss-safeguard-20b	openai-gpt-oss-safeguard-20b	openrouter/models/openai-gpt-oss-safeguard-20b	openrouter-complete	pricing.input,pricing.output	
huggingface	Qwen/Qwen3-8B	qwen-qwen3-8b	openrouter	qwen/qwen3-8b	qwen-qwen3-8b	openrouter/models/qwen-qwen3-8b	openrouter-complete	pricing.input,pricing.output	
io-net	google/gemma-4-26b-a4b-it	google-gemma-4-26b-a4b-it	openrouter	google/gemma-4-26b-a4b-it	google-gemma-4-26b-a4b-it	openrouter/models/google-gemma-4-26b-a4b-it	openrouter-complete	features.tool_call,modalities.output	
io-net	meta-llama/Llama-3.3-70B-Instruct	meta-llama-llama-3-3-70b-instruct	openrouter	meta-llama/llama-3.3-70b-instruct	meta-llama-llama-3-3-70b-instruct	openrouter/models/meta-llama-llama-3-3-70b-instruct	openrouter-complete	features.tool_call,modalities.output	
io-net	moonshotai/Kimi-K2-Thinking	moonshotai-kimi-k2-thinking	openrouter	moonshotai/kimi-k2-thinking	moonshotai-kimi-k2-thinking	openrouter/models/moonshotai-kimi-k2-thinking	openrouter-complete	features.tool_call,modalities.output	
io-net	moonshotai/Kimi-K2.5	moonshotai-kimi-k2-5	openrouter	moonshotai/kimi-k2.5	moonshotai-kimi-k2-5	openrouter/models/moonshotai-kimi-k2-5	openrouter-complete	features.tool_call,modalities.output	
io-net	moonshotai/Kimi-K2.6	moonshotai-kimi-k2-6	openrouter	moonshotai/kimi-k2.6	moonshotai-kimi-k2-6	openrouter/models/moonshotai-kimi-k2-6	openrouter-complete	features.tool_call,modalities.output	
io-net	openai/gpt-oss-120b	openai-gpt-oss-120b	openrouter	openai/gpt-oss-120b	openai-gpt-oss-120b	openrouter/models/openai-gpt-oss-120b	openrouter-complete	features.tool_call,modalities.output	
io-net	openai/gpt-oss-20b	openai-gpt-oss-20b	openrouter	openai/gpt-oss-20b	openai-gpt-oss-20b	openrouter/models/openai-gpt-oss-20b	openrouter-complete	features.tool_call,modalities.output	
io-net	Qwen/Qwen3-Next-80B-A3B-Instruct	qwen-qwen3-next-80b-a3b-instruct	openrouter	qwen/qwen3-next-80b-a3b-instruct	qwen-qwen3-next-80b-a3b-instruct	openrouter/models/qwen-qwen3-next-80b-a3b-instruct	openrouter-complete	features.tool_call,modalities.output	
kilo	openrouter/free	openrouter-free	openrouter	openrouter/free	openrouter-free	openrouter/models/openrouter-free	openrouter-complete	limit.context	
modelscope	MiniMax/MiniMax-M2.5	minimax-minimax-m2-5	openrouter	minimax/minimax-m2.5	minimax-minimax-m2-5	openrouter/models/minimax-minimax-m2-5	openrouter-complete	limit.context,pricing.input,pricing.output,features.attachment,features.tool_call,modalities.input,modalities.output	
modelscope	MiniMax/MiniMax-M2.7	minimax-minimax-m2-7	openrouter	minimax/minimax-m2.7	minimax-minimax-m2-7	openrouter/models/minimax-minimax-m2-7	openrouter-complete	limit.context,pricing.input,pricing.output,features.attachment,features.tool_call,modalities.input,modalities.output	
modelscope	moonshotai/Kimi-K2.5	moonshotai-kimi-k2-5	openrouter	moonshotai/kimi-k2.5	moonshotai-kimi-k2-5	openrouter/models/moonshotai-kimi-k2-5	openrouter-complete	limit.context,pricing.input,pricing.output,features.attachment,features.tool_call,modalities.input,modalities.output	
modelscope	Qwen/Qwen3-14B	qwen-qwen3-14b	openrouter	qwen/qwen3-14b	qwen-qwen3-14b	openrouter/models/qwen-qwen3-14b	openrouter-complete	limit.context,pricing.input,pricing.output,features.attachment,features.tool_call,modalities.input,modalities.output	
modelscope	Qwen/Qwen3-235B-A22B	qwen-qwen3-235b-a22b	openrouter	qwen/qwen3-235b-a22b	qwen-qwen3-235b-a22b	openrouter/models/qwen-qwen3-235b-a22b	openrouter-complete	limit.context,pricing.input,pricing.output,features.attachment,features.tool_call,modalities.input,modalities.output	
modelscope	Qwen/Qwen3-235B-A22B-Thinking-2507	qwen-qwen3-235b-a22b-thinking-2507	openrouter	qwen/qwen3-235b-a22b-thinking-2507	qwen-qwen3-235b-a22b-thinking-2507	openrouter/models/qwen-qwen3-235b-a22b-thinking-2507	openrouter-complete	limit.context,pricing.input,pricing.output,features.attachment,features.tool_call,modalities.input,modalities.output	
modelscope	Qwen/Qwen3-30B-A3B	qwen-qwen3-30b-a3b	openrouter	qwen/qwen3-30b-a3b	qwen-qwen3-30b-a3b	openrouter/models/qwen-qwen3-30b-a3b	openrouter-complete	limit.context,pricing.input,pricing.output,features.attachment,features.tool_call,modalities.input,modalities.output	
modelscope	Qwen/Qwen3-30B-A3B-Thinking-2507	qwen-qwen3-30b-a3b-thinking-2507	openrouter	qwen/qwen3-30b-a3b-thinking-2507	qwen-qwen3-30b-a3b-thinking-2507	openrouter/models/qwen-qwen3-30b-a3b-thinking-2507	openrouter-complete	limit.context,pricing.input,pricing.output,features.attachment,features.tool_call,modalities.input,modalities.output	
modelscope	Qwen/Qwen3-32B	qwen-qwen3-32b	openrouter	qwen/qwen3-32b	qwen-qwen3-32b	openrouter/models/qwen-qwen3-32b	openrouter-complete	limit.context,pricing.input,pricing.output,features.attachment,features.tool_call,modalities.input,modalities.output	
modelscope	Qwen/Qwen3-8B	qwen-qwen3-8b	openrouter	qwen/qwen3-8b	qwen-qwen3-8b	openrouter/models/qwen-qwen3-8b	openrouter-complete	limit.context,pricing.input,pricing.output,features.attachment,features.tool_call,modalities.input,modalities.output	
modelscope	Qwen/Qwen3-Coder-30B-A3B-Instruct	qwen-qwen3-coder-30b-a3b-instruct	openrouter	qwen/qwen3-coder-30b-a3b-instruct	qwen-qwen3-coder-30b-a3b-instruct	openrouter/models/qwen-qwen3-coder-30b-a3b-instruct	openrouter-complete	limit.context,pricing.input,pricing.output,features.attachment,features.tool_call,modalities.input,modalities.output	
modelscope	Qwen/Qwen3-Next-80B-A3B-Instruct	qwen-qwen3-next-80b-a3b-instruct	openrouter	qwen/qwen3-next-80b-a3b-instruct	qwen-qwen3-next-80b-a3b-instruct	openrouter/models/qwen-qwen3-next-80b-a3b-instruct	openrouter-complete	limit.context,pricing.input,pricing.output,features.attachment,features.tool_call,modalities.input,modalities.output	
modelscope	Qwen/Qwen3-Next-80B-A3B-Thinking	qwen-qwen3-next-80b-a3b-thinking	openrouter	qwen/qwen3-next-80b-a3b-thinking	qwen-qwen3-next-80b-a3b-thinking	openrouter/models/qwen-qwen3-next-80b-a3b-thinking	openrouter-complete	limit.context,pricing.input,pricing.output,features.attachment,features.tool_call,modalities.input,modalities.output	
modelscope	Qwen/Qwen3-VL-235B-A22B-Instruct	qwen-qwen3-vl-235b-a22b-instruct	openrouter	qwen/qwen3-vl-235b-a22b-instruct	qwen-qwen3-vl-235b-a22b-instruct	openrouter/models/qwen-qwen3-vl-235b-a22b-instruct	openrouter-complete	limit.context,pricing.input,pricing.output,features.attachment,features.tool_call,modalities.input,modalities.output	
modelscope	Qwen/Qwen3-VL-8B-Instruct	qwen-qwen3-vl-8b-instruct	openrouter	qwen/qwen3-vl-8b-instruct	qwen-qwen3-vl-8b-instruct	openrouter/models/qwen-qwen3-vl-8b-instruct	openrouter-complete	limit.context,pricing.input,pricing.output,features.attachment,features.tool_call,modalities.input,modalities.output	
modelscope	Qwen/Qwen3-VL-8B-Thinking	qwen-qwen3-vl-8b-thinking	openrouter	qwen/qwen3-vl-8b-thinking	qwen-qwen3-vl-8b-thinking	openrouter/models/qwen-qwen3-vl-8b-thinking	openrouter-complete	limit.context,pricing.input,pricing.output,features.attachment,features.tool_call,modalities.input,modalities.output	
modelscope	Qwen/Qwen3.5-122B-A10B	qwen-qwen3-5-122b-a10b	openrouter	qwen/qwen3.5-122b-a10b	qwen-qwen3-5-122b-a10b	openrouter/models/qwen-qwen3-5-122b-a10b	openrouter-complete	limit.context,pricing.input,pricing.output,features.attachment,features.tool_call,modalities.input,modalities.output	
modelscope	Qwen/Qwen3.5-27B	qwen-qwen3-5-27b	openrouter	qwen/qwen3.5-27b	qwen-qwen3-5-27b	openrouter/models/qwen-qwen3-5-27b	openrouter-complete	limit.context,pricing.input,pricing.output,features.attachment,features.tool_call,modalities.input,modalities.output	
modelscope	Qwen/Qwen3.5-35B-A3B	qwen-qwen3-5-35b-a3b	openrouter	qwen/qwen3.5-35b-a3b	qwen-qwen3-5-35b-a3b	openrouter/models/qwen-qwen3-5-35b-a3b	openrouter-complete	limit.context,pricing.input,pricing.output,features.attachment,features.tool_call,modalities.input,modalities.output	
modelscope	Qwen/Qwen3.5-397B-A17B	qwen-qwen3-5-397b-a17b	openrouter	qwen/qwen3.5-397b-a17b	qwen-qwen3-5-397b-a17b	openrouter/models/qwen-qwen3-5-397b-a17b	openrouter-complete	limit.context,pricing.input,pricing.output,features.attachment,features.tool_call,modalities.input,modalities.output	
nvidia	google/gemma-3-12b-it	google-gemma-3-12b-it	openrouter	google/gemma-3-12b-it	google-gemma-3-12b-it	openrouter/models/google-gemma-3-12b-it	openrouter-complete	limit.context,pricing.input,pricing.output,features.attachment,features.tool_call,modalities.input,modalities.output	
nvidia	google/gemma-3-27b-it	google-gemma-3-27b-it	openrouter	google/gemma-3-27b-it	google-gemma-3-27b-it	openrouter/models/google-gemma-3-27b-it	openrouter-complete	limit.context,pricing.input,pricing.output,features.attachment,features.tool_call,modalities.input,modalities.output	
nvidia	google/gemma-3-4b-it	google-gemma-3-4b-it	openrouter	google/gemma-3-4b-it	google-gemma-3-4b-it	openrouter/models/google-gemma-3-4b-it	openrouter-complete	limit.context,pricing.input,pricing.output,features.attachment,features.tool_call,modalities.input,modalities.output	
nvidia	google/gemma-3n-e4b-it	google-gemma-3n-e4b-it	openrouter	google/gemma-3n-e4b-it	google-gemma-3n-e4b-it	openrouter/models/google-gemma-3n-e4b-it	openrouter-complete	limit.context,pricing.input,pricing.output,features.tool_call	
nvidia	google/gemma-4-31b-it	google-gemma-4-31b-it	openrouter	google/gemma-4-31b-it	google-gemma-4-31b-it	openrouter/models/google-gemma-4-31b-it	openrouter-complete	pricing.input,pricing.output	
nvidia	microsoft/phi-4-mini-instruct	microsoft-phi-4-mini-instruct	openrouter	microsoft/phi-4-mini-instruct	microsoft-phi-4-mini-instruct	openrouter/models/microsoft-phi-4-mini-instruct	openrouter-complete	pricing.input,pricing.output,features.attachment	
nvidia	mistralai/mistral-large	mistralai-mistral-large	openrouter	mistralai/mistral-large	mistralai-mistral-large	openrouter/models/mistralai-mistral-large	openrouter-complete	limit.context,pricing.input,pricing.output,features.attachment,features.tool_call,modalities.input,modalities.output	
nvidia	moonshotai/kimi-k2-thinking	moonshotai-kimi-k2-thinking	openrouter	moonshotai/kimi-k2-thinking	moonshotai-kimi-k2-thinking	openrouter/models/moonshotai-kimi-k2-thinking	openrouter-complete	pricing.input,pricing.output,features.attachment,modalities.output	
nvidia	moonshotai/kimi-k2.6	moonshotai-kimi-k2-6	openrouter	moonshotai/kimi-k2.6	moonshotai-kimi-k2-6	openrouter/models/moonshotai-kimi-k2-6	openrouter-complete	pricing.input,pricing.output	
nvidia	nvidia/llama-3.3-nemotron-super-49b-v1.5	nvidia-llama-3-3-nemotron-super-49b-v1-5	openrouter	nvidia/llama-3.3-nemotron-super-49b-v1.5	nvidia-llama-3-3-nemotron-super-49b-v1-5	openrouter/models/nvidia-llama-3-3-nemotron-super-49b-v1-5	openrouter-complete	limit.context,pricing.input,pricing.output,features.attachment	
nvidia	nvidia/nemotron-3-nano-30b-a3b	nvidia-nemotron-3-nano-30b-a3b	openrouter	nvidia/nemotron-3-nano-30b-a3b	nvidia-nemotron-3-nano-30b-a3b	openrouter/models/nvidia-nemotron-3-nano-30b-a3b	openrouter-complete	limit.context,pricing.input,pricing.output,features.attachment	
nvidia	nvidia/nemotron-3-super-120b-a12b	nvidia-nemotron-3-super-120b-a12b	openrouter	nvidia/nemotron-3-super-120b-a12b	nvidia-nemotron-3-super-120b-a12b	openrouter/models/nvidia-nemotron-3-super-120b-a12b	openrouter-complete	limit.context,pricing.input,pricing.output,features.attachment	
nvidia	openai/gpt-oss-120b	openai-gpt-oss-120b	openrouter	openai/gpt-oss-120b	openai-gpt-oss-120b	openrouter/models/openai-gpt-oss-120b	openrouter-complete	limit.context,pricing.input,pricing.output,features.attachment	
nvidia	openai/gpt-oss-20b	openai-gpt-oss-20b	openrouter	openai/gpt-oss-20b	openai-gpt-oss-20b	openrouter/models/openai-gpt-oss-20b	openrouter-complete	limit.context,pricing.input,pricing.output,features.attachment	
nvidia	qwen/qwen3-next-80b-a3b-instruct	qwen-qwen3-next-80b-a3b-instruct	openrouter	qwen/qwen3-next-80b-a3b-instruct	qwen-qwen3-next-80b-a3b-instruct	openrouter/models/qwen-qwen3-next-80b-a3b-instruct	openrouter-complete	pricing.input,pricing.output,features.attachment	
nvidia	qwen/qwen3-next-80b-a3b-thinking	qwen-qwen3-next-80b-a3b-thinking	openrouter	qwen/qwen3-next-80b-a3b-thinking	qwen-qwen3-next-80b-a3b-thinking	openrouter/models/qwen-qwen3-next-80b-a3b-thinking	openrouter-complete	limit.context,pricing.input,pricing.output,features.attachment	
nvidia	qwen/qwen3.5-122b-a10b	qwen-qwen3-5-122b-a10b	openrouter	qwen/qwen3.5-122b-a10b	qwen-qwen3-5-122b-a10b	openrouter/models/qwen-qwen3-5-122b-a10b	openrouter-complete	pricing.input,pricing.output	
nvidia	qwen/qwen3.5-397b-a17b	qwen-qwen3-5-397b-a17b	openrouter	qwen/qwen3.5-397b-a17b	qwen-qwen3-5-397b-a17b	openrouter/models/qwen-qwen3-5-397b-a17b	openrouter-complete	pricing.input,pricing.output	
nvidia	z-ai/glm-5.1	z-ai-glm-5-1	openrouter	z-ai/glm-5.1	z-ai-glm-5-1	openrouter/models/z-ai-glm-5-1	openrouter-complete	limit.context,pricing.input,pricing.output,features.attachment,features.tool_call,modalities.input,modalities.output	
perplexity	xai/grok-4-1-fast-non-reasoning	xai-grok-4-1-fast-non-reasoning	xai	grok-4-1-fast-non-reasoning	grok-4-1-fast-non-reasoning	xai/models/grok-4-1-fast-non-reasoning	prefix-partial-xai	name,limit.context,features.attachment,features.tool_call,modalities.input,modalities.output	limit.context,features.tool_call
perplexity	xai/grok-4.20-multi-agent	xai-grok-4-20-multi-agent	xai	grok-4.20-multi-agent	grok-4-20-multi-agent	xai/models/grok-4-20-multi-agent	prefix-partial-xai	name,limit.context,features.attachment,features.tool_call,modalities.input,modalities.output	limit.context,features.tool_call
perplexity	xai/grok-4.20-non-reasoning	xai-grok-4-20-non-reasoning	xai	grok-4.20-non-reasoning	grok-4-20-non-reasoning	xai/models/grok-4-20-non-reasoning	prefix-partial-xai	name,limit.context,features.attachment,features.tool_call,modalities.input,modalities.output	limit.context,features.tool_call
perplexity	xai/grok-4.20-reasoning	xai-grok-4-20-reasoning	xai	grok-4.20-reasoning	grok-4-20-reasoning	xai/models/grok-4-20-reasoning	prefix-partial-xai	name,limit.context,features.attachment,features.tool_call,modalities.input,modalities.output	limit.context,features.tool_call
perplexity	xai/grok-4.3	xai-grok-4-3	xai	grok-4.3	grok-4-3	xai/models/grok-4-3	prefix-partial-xai	name,limit.context,features.attachment,features.tool_call,modalities.input,modalities.output	limit.context,features.tool_call
poe	openai-gpt-oss-120b	openai-gpt-oss-120b	openrouter	openai/gpt-oss-120b	openai-gpt-oss-120b	openrouter/models/openai-gpt-oss-120b	openrouter-complete	pricing.input,pricing.output	
poe	openai-gpt-oss-20b	openai-gpt-oss-20b	openrouter	openai/gpt-oss-20b	openai-gpt-oss-20b	openrouter/models/openai-gpt-oss-20b	openrouter-complete	pricing.input,pricing.output	
poe	perplexity-sonar	perplexity-sonar	openrouter	perplexity/sonar	perplexity-sonar	openrouter/models/perplexity-sonar	openrouter-complete	pricing.input,pricing.output	
poe	perplexity-sonar-pro	perplexity-sonar-pro	openrouter	perplexity/sonar-pro	perplexity-sonar-pro	openrouter/models/perplexity-sonar-pro	openrouter-complete	pricing.input,pricing.output	
tetrate	groq/llama-3.1-8b-instant	groq-llama-3-1-8b-instant	groq	llama-3.1-8b-instant	llama-3-1-8b-instant	groq/models/llama-3-1-8b-instant	prefix-complete	modalities.output	
tetrate	groq/llama-3.3-70b-versatile	groq-llama-3-3-70b-versatile	groq	llama-3.3-70b-versatile	llama-3-3-70b-versatile	groq/models/llama-3-3-70b-versatile	prefix-complete	modalities.output	
tetrate	groq/meta-llama/llama-4-scout-17b-16e-instruct	groq-meta-llama-llama-4-scout-17b-16e-instruct	groq	meta-llama/llama-4-scout-17b-16e-instruct	meta-llama-llama-4-scout-17b-16e-instruct	groq/models/meta-llama-llama-4-scout-17b-16e-instruct	prefix-complete	modalities.output	
tetrate	groq/openai/gpt-oss-120b	groq-openai-gpt-oss-120b	groq	openai/gpt-oss-120b	openai-gpt-oss-120b	groq/models/openai-gpt-oss-120b	prefix-complete	modalities.output	
tetrate	groq/openai/gpt-oss-20b	groq-openai-gpt-oss-20b	groq	openai/gpt-oss-20b	openai-gpt-oss-20b	groq/models/openai-gpt-oss-20b	prefix-complete	modalities.output	
tetrate	groq/openai/gpt-oss-safeguard-20b	groq-openai-gpt-oss-safeguard-20b	groq	openai/gpt-oss-safeguard-20b	openai-gpt-oss-safeguard-20b	groq/models/openai-gpt-oss-safeguard-20b	prefix-complete	modalities.output	
tetrate	groq/qwen/qwen3-32b	groq-qwen-qwen3-32b	groq	qwen/qwen3-32b	qwen-qwen3-32b	groq/models/qwen-qwen3-32b	prefix-complete	modalities.output	
togetherai	deepcogito/cogito-v2-1-671b	deepcogito-cogito-v2-1-671b	openrouter	deepcogito/cogito-v2.1-671b	deepcogito-cogito-v2-1-671b	openrouter/models/deepcogito-cogito-v2-1-671b	openrouter-complete	features.tool_call	
togetherai	essentialai/rnj-1-instruct	essentialai-rnj-1-instruct	openrouter	essentialai/rnj-1-instruct	essentialai-rnj-1-instruct	openrouter/models/essentialai-rnj-1-instruct	openrouter-complete	features.tool_call	
togetherai	google/gemma-2-27b-it	google-gemma-2-27b-it	openrouter	google/gemma-2-27b-it	google-gemma-2-27b-it	openrouter/models/google-gemma-2-27b-it	openrouter-complete	features.tool_call	
togetherai	google/gemma-3-4b-it	google-gemma-3-4b-it	openrouter	google/gemma-3-4b-it	google-gemma-3-4b-it	openrouter/models/google-gemma-3-4b-it	openrouter-complete	features.tool_call	
togetherai	google/gemma-3n-E4B-it	google-gemma-3n-e4b-it	openrouter	google/gemma-3n-e4b-it	google-gemma-3n-e4b-it	openrouter/models/google-gemma-3n-e4b-it	openrouter-complete	features.tool_call	
togetherai	google/gemma-4-26B-A4B-it	google-gemma-4-26b-a4b-it	openrouter	google/gemma-4-26b-a4b-it	google-gemma-4-26b-a4b-it	openrouter/models/google-gemma-4-26b-a4b-it	openrouter-complete	features.tool_call	
togetherai	google/gemma-4-31B-it	google-gemma-4-31b-it	openrouter	google/gemma-4-31b-it	google-gemma-4-31b-it	openrouter/models/google-gemma-4-31b-it	openrouter-complete	features.tool_call	
togetherai	meta-llama/Llama-3.2-1B-Instruct	meta-llama-llama-3-2-1b-instruct	openrouter	meta-llama/llama-3.2-1b-instruct	meta-llama-llama-3-2-1b-instruct	openrouter/models/meta-llama-llama-3-2-1b-instruct	openrouter-complete	features.tool_call	
togetherai	meta-llama/Llama-3.3-70B-Instruct	meta-llama-llama-3-3-70b-instruct	openrouter	meta-llama/llama-3.3-70b-instruct	meta-llama-llama-3-3-70b-instruct	openrouter/models/meta-llama-llama-3-3-70b-instruct	openrouter-complete	features.tool_call	
togetherai	meta-llama/Llama-Guard-4-12B	meta-llama-llama-guard-4-12b	openrouter	meta-llama/llama-guard-4-12b	meta-llama-llama-guard-4-12b	openrouter/models/meta-llama-llama-guard-4-12b	openrouter-complete	features.tool_call	
togetherai	mistralai/Mistral-7B-Instruct-v0.1	mistralai-mistral-7b-instruct-v0-1	openrouter	mistralai/mistral-7b-instruct-v0.1	mistralai-mistral-7b-instruct-v0-1	openrouter/models/mistralai-mistral-7b-instruct-v0-1	openrouter-complete	features.tool_call	
togetherai	mistralai/Mistral-Small-24B-Instruct-2501	mistralai-mistral-small-24b-instruct-2501	openrouter	mistralai/mistral-small-24b-instruct-2501	mistralai-mistral-small-24b-instruct-2501	openrouter/models/mistralai-mistral-small-24b-instruct-2501	openrouter-complete	features.tool_call	
togetherai	moonshotai/Kimi-K2.5	moonshotai-kimi-k2-5	openrouter	moonshotai/kimi-k2.5	moonshotai-kimi-k2-5	openrouter/models/moonshotai-kimi-k2-5	openrouter-complete	features.tool_call	
togetherai	moonshotai/Kimi-K2.6	moonshotai-kimi-k2-6	openrouter	moonshotai/kimi-k2.6	moonshotai-kimi-k2-6	openrouter/models/moonshotai-kimi-k2-6	openrouter-complete	features.tool_call	
togetherai	openai/gpt-oss-120b	openai-gpt-oss-120b	openrouter	openai/gpt-oss-120b	openai-gpt-oss-120b	openrouter/models/openai-gpt-oss-120b	openrouter-complete	features.tool_call	
togetherai	openai/gpt-oss-20b	openai-gpt-oss-20b	openrouter	openai/gpt-oss-20b	openai-gpt-oss-20b	openrouter/models/openai-gpt-oss-20b	openrouter-complete	features.tool_call	
togetherai	Qwen/Qwen2.5-VL-72B-Instruct	qwen-qwen2-5-vl-72b-instruct	openrouter	qwen/qwen2.5-vl-72b-instruct	qwen-qwen2-5-vl-72b-instruct	openrouter/models/qwen-qwen2-5-vl-72b-instruct	openrouter-complete	features.tool_call	
togetherai	Qwen/Qwen3-30B-A3B	qwen-qwen3-30b-a3b	openrouter	qwen/qwen3-30b-a3b	qwen-qwen3-30b-a3b	openrouter/models/qwen-qwen3-30b-a3b	openrouter-complete	features.tool_call	
togetherai	Qwen/Qwen3-8B	qwen-qwen3-8b	openrouter	qwen/qwen3-8b	qwen-qwen3-8b	openrouter/models/qwen-qwen3-8b	openrouter-complete	features.tool_call	
togetherai	Qwen/Qwen3-Coder-30B-A3B-Instruct	qwen-qwen3-coder-30b-a3b-instruct	openrouter	qwen/qwen3-coder-30b-a3b-instruct	qwen-qwen3-coder-30b-a3b-instruct	openrouter/models/qwen-qwen3-coder-30b-a3b-instruct	openrouter-complete	features.tool_call	
togetherai	Qwen/Qwen3-Next-80B-A3B-Instruct	qwen-qwen3-next-80b-a3b-instruct	openrouter	qwen/qwen3-next-80b-a3b-instruct	qwen-qwen3-next-80b-a3b-instruct	openrouter/models/qwen-qwen3-next-80b-a3b-instruct	openrouter-complete	features.tool_call	
togetherai	Qwen/Qwen3-Next-80B-A3B-Thinking	qwen-qwen3-next-80b-a3b-thinking	openrouter	qwen/qwen3-next-80b-a3b-thinking	qwen-qwen3-next-80b-a3b-thinking	openrouter/models/qwen-qwen3-next-80b-a3b-thinking	openrouter-complete	features.tool_call	
togetherai	Qwen/Qwen3-VL-32B-Instruct	qwen-qwen3-vl-32b-instruct	openrouter	qwen/qwen3-vl-32b-instruct	qwen-qwen3-vl-32b-instruct	openrouter/models/qwen-qwen3-vl-32b-instruct	openrouter-complete	features.tool_call	
togetherai	Qwen/Qwen3-VL-8B-Instruct	qwen-qwen3-vl-8b-instruct	openrouter	qwen/qwen3-vl-8b-instruct	qwen-qwen3-vl-8b-instruct	openrouter/models/qwen-qwen3-vl-8b-instruct	openrouter-complete	features.tool_call	
togetherai	Qwen/Qwen3.5-35B-A3B	qwen-qwen3-5-35b-a3b	openrouter	qwen/qwen3.5-35b-a3b	qwen-qwen3-5-35b-a3b	openrouter/models/qwen-qwen3-5-35b-a3b	openrouter-complete	features.tool_call	
togetherai	Qwen/Qwen3.5-397B-A17B	qwen-qwen3-5-397b-a17b	openrouter	qwen/qwen3.5-397b-a17b	qwen-qwen3-5-397b-a17b	openrouter/models/qwen-qwen3-5-397b-a17b	openrouter-complete	features.tool_call	
togetherai	Qwen/Qwen3.5-9B	qwen-qwen3-5-9b	openrouter	qwen/qwen3.5-9b	qwen-qwen3-5-9b	openrouter/models/qwen-qwen3-5-9b	openrouter-complete	features.tool_call	
togetherai	Qwen/Qwen3.6-Plus	qwen-qwen3-6-plus	openrouter	qwen/qwen3.6-plus	qwen-qwen3-6-plus	openrouter/models/qwen-qwen3-6-plus	openrouter-complete	features.tool_call	
vercel	morph/morph-v3-fast	morph-morph-v3-fast	openrouter	morph/morph-v3-fast	morph-morph-v3-fast	openrouter/models/morph-morph-v3-fast	openrouter-complete	features.attachment,features.tool_call,modalities.input	
vercel	morph/morph-v3-large	morph-morph-v3-large	openrouter	morph/morph-v3-large	morph-morph-v3-large	openrouter/models/morph-morph-v3-large	openrouter-complete	features.attachment,features.tool_call,modalities.input	
vercel	openai/gpt-3.5-turbo	openai-gpt-3-5-turbo	openrouter	openai/gpt-3.5-turbo	openai-gpt-3-5-turbo	openrouter/models/openai-gpt-3-5-turbo	openrouter-complete	features.attachment,features.tool_call,modalities.input	
vercel	openai/gpt-3.5-turbo-instruct	openai-gpt-3-5-turbo-instruct	openrouter	openai/gpt-3.5-turbo-instruct	openai-gpt-3-5-turbo-instruct	openrouter/models/openai-gpt-3-5-turbo-instruct	openrouter-complete	features.attachment,features.tool_call,modalities.input	
vercel	perplexity/sonar	perplexity-sonar	openrouter	perplexity/sonar	perplexity-sonar	openrouter/models/perplexity-sonar	openrouter-complete	pricing.input,pricing.output	
vercel	perplexity/sonar-pro	perplexity-sonar-pro	openrouter	perplexity/sonar-pro	perplexity-sonar-pro	openrouter/models/perplexity-sonar-pro	openrouter-complete	pricing.input,pricing.output	
vercel	perplexity/sonar-reasoning-pro	perplexity-sonar-reasoning-pro	openrouter	perplexity/sonar-reasoning-pro	perplexity-sonar-reasoning-pro	openrouter/models/perplexity-sonar-reasoning-pro	openrouter-complete	pricing.input,pricing.output	
zenmux	anthropic/claude-3.5-haiku	anthropic-claude-3-5-haiku	openrouter	anthropic/claude-3.5-haiku	anthropic-claude-3-5-haiku	openrouter/models/anthropic-claude-3-5-haiku	openrouter-complete	features.tool_call	
zenmux	anthropic/claude-haiku-4.5	anthropic-claude-haiku-4-5	openrouter	anthropic/claude-haiku-4.5	anthropic-claude-haiku-4-5	openrouter/models/anthropic-claude-haiku-4-5	openrouter-complete	features.tool_call	
zenmux	anthropic/claude-opus-4	anthropic-claude-opus-4	openrouter	anthropic/claude-opus-4	anthropic-claude-opus-4	openrouter/models/anthropic-claude-opus-4	openrouter-complete	features.tool_call	
zenmux	anthropic/claude-opus-4.1	anthropic-claude-opus-4-1	openrouter	anthropic/claude-opus-4.1	anthropic-claude-opus-4-1	openrouter/models/anthropic-claude-opus-4-1	openrouter-complete	features.tool_call	
zenmux	anthropic/claude-opus-4.5	anthropic-claude-opus-4-5	openrouter	anthropic/claude-opus-4.5	anthropic-claude-opus-4-5	openrouter/models/anthropic-claude-opus-4-5	openrouter-complete	features.tool_call	
zenmux	anthropic/claude-opus-4.6	anthropic-claude-opus-4-6	openrouter	anthropic/claude-opus-4.6	anthropic-claude-opus-4-6	openrouter/models/anthropic-claude-opus-4-6	openrouter-complete	features.tool_call	
zenmux	anthropic/claude-opus-4.7	anthropic-claude-opus-4-7	openrouter	anthropic/claude-opus-4.7	anthropic-claude-opus-4-7	openrouter/models/anthropic-claude-opus-4-7	openrouter-complete	features.tool_call	
zenmux	anthropic/claude-sonnet-4	anthropic-claude-sonnet-4	openrouter	anthropic/claude-sonnet-4	anthropic-claude-sonnet-4	openrouter/models/anthropic-claude-sonnet-4	openrouter-complete	features.tool_call	
zenmux	anthropic/claude-sonnet-4.5	anthropic-claude-sonnet-4-5	openrouter	anthropic/claude-sonnet-4.5	anthropic-claude-sonnet-4-5	openrouter/models/anthropic-claude-sonnet-4-5	openrouter-complete	features.tool_call	
zenmux	anthropic/claude-sonnet-4.6	anthropic-claude-sonnet-4-6	openrouter	anthropic/claude-sonnet-4.6	anthropic-claude-sonnet-4-6	openrouter/models/anthropic-claude-sonnet-4-6	openrouter-complete	features.tool_call	
zenmux	deepseek/deepseek-chat	deepseek-deepseek-chat	openrouter	deepseek/deepseek-chat	deepseek-deepseek-chat	openrouter/models/deepseek-deepseek-chat	openrouter-complete	features.tool_call	
zenmux	deepseek/deepseek-chat-v3.1	deepseek-deepseek-chat-v3-1	openrouter	deepseek/deepseek-chat-v3.1	deepseek-deepseek-chat-v3-1	openrouter/models/deepseek-deepseek-chat-v3-1	openrouter-complete	pricing.input,pricing.output,features.tool_call	
zenmux	deepseek/deepseek-r1-0528	deepseek-deepseek-r1-0528	openrouter	deepseek/deepseek-r1-0528	deepseek-deepseek-r1-0528	openrouter/models/deepseek-deepseek-r1-0528	openrouter-complete	features.tool_call	
zenmux	deepseek/deepseek-v3.2	deepseek-deepseek-v3-2	openrouter	deepseek/deepseek-v3.2	deepseek-deepseek-v3-2	openrouter/models/deepseek-deepseek-v3-2	openrouter-complete	features.tool_call	
zenmux	deepseek/deepseek-v3.2-exp	deepseek-deepseek-v3-2-exp	openrouter	deepseek/deepseek-v3.2-exp	deepseek-deepseek-v3-2-exp	openrouter/models/deepseek-deepseek-v3-2-exp	openrouter-complete	features.tool_call	
zenmux	deepseek/deepseek-v4-flash	deepseek-deepseek-v4-flash	openrouter	deepseek/deepseek-v4-flash	deepseek-deepseek-v4-flash	openrouter/models/deepseek-deepseek-v4-flash	openrouter-complete	features.tool_call	
zenmux	deepseek/deepseek-v4-pro	deepseek-deepseek-v4-pro	openrouter	deepseek/deepseek-v4-pro	deepseek-deepseek-v4-pro	openrouter/models/deepseek-deepseek-v4-pro	openrouter-complete	features.tool_call	
zenmux	google/gemini-2.5-flash	google-gemini-2-5-flash	openrouter	google/gemini-2.5-flash	google-gemini-2-5-flash	openrouter/models/google-gemini-2-5-flash	openrouter-complete	features.tool_call	
zenmux	google/gemini-2.5-flash-lite	google-gemini-2-5-flash-lite	openrouter	google/gemini-2.5-flash-lite	google-gemini-2-5-flash-lite	openrouter/models/google-gemini-2-5-flash-lite	openrouter-complete	features.tool_call	
zenmux	google/gemini-2.5-pro	google-gemini-2-5-pro	openrouter	google/gemini-2.5-pro	google-gemini-2-5-pro	openrouter/models/google-gemini-2-5-pro	openrouter-complete	features.tool_call	
zenmux	google/gemini-3-flash-preview	google-gemini-3-flash-preview	openrouter	google/gemini-3-flash-preview	google-gemini-3-flash-preview	openrouter/models/google-gemini-3-flash-preview	openrouter-complete	features.tool_call	
zenmux	google/gemini-3.1-flash-lite	google-gemini-3-1-flash-lite	openrouter	google/gemini-3.1-flash-lite	google-gemini-3-1-flash-lite	openrouter/models/google-gemini-3-1-flash-lite	openrouter-complete	features.tool_call	
zenmux	google/gemini-3.1-flash-lite-preview	google-gemini-3-1-flash-lite-preview	openrouter	google/gemini-3.1-flash-lite-preview	google-gemini-3-1-flash-lite-preview	openrouter/models/google-gemini-3-1-flash-lite-preview	openrouter-complete	features.tool_call	
zenmux	google/gemini-3.1-pro-preview	google-gemini-3-1-pro-preview	openrouter	google/gemini-3.1-pro-preview	google-gemini-3-1-pro-preview	openrouter/models/google-gemini-3-1-pro-preview	openrouter-complete	features.tool_call	
zenmux	google/gemma-3-12b-it	google-gemma-3-12b-it	openrouter	google/gemma-3-12b-it	google-gemma-3-12b-it	openrouter/models/google-gemma-3-12b-it	openrouter-complete	features.tool_call	
zenmux	inclusionai/ling-2.6-1t	inclusionai-ling-2-6-1t	openrouter	inclusionai/ling-2.6-1t	inclusionai-ling-2-6-1t	openrouter/models/inclusionai-ling-2-6-1t	openrouter-complete	features.tool_call	
zenmux	inclusionai/ling-2.6-flash	inclusionai-ling-2-6-flash	openrouter	inclusionai/ling-2.6-flash	inclusionai-ling-2-6-flash	openrouter/models/inclusionai-ling-2-6-flash	openrouter-complete	features.tool_call	
zenmux	minimax/minimax-m2	minimax-minimax-m2	openrouter	minimax/minimax-m2	minimax-minimax-m2	openrouter/models/minimax-minimax-m2	openrouter-complete	features.tool_call	
zenmux	minimax/minimax-m2-her	minimax-minimax-m2-her	openrouter	minimax/minimax-m2-her	minimax-minimax-m2-her	openrouter/models/minimax-minimax-m2-her	openrouter-complete	features.tool_call	
zenmux	minimax/minimax-m2.1	minimax-minimax-m2-1	openrouter	minimax/minimax-m2.1	minimax-minimax-m2-1	openrouter/models/minimax-minimax-m2-1	openrouter-complete	features.tool_call	
zenmux	minimax/minimax-m2.5	minimax-minimax-m2-5	openrouter	minimax/minimax-m2.5	minimax-minimax-m2-5	openrouter/models/minimax-minimax-m2-5	openrouter-complete	features.tool_call	
zenmux	minimax/minimax-m2.7	minimax-minimax-m2-7	openrouter	minimax/minimax-m2.7	minimax-minimax-m2-7	openrouter/models/minimax-minimax-m2-7	openrouter-complete	features.tool_call	
zenmux	mistralai/mistral-large-2512	mistralai-mistral-large-2512	openrouter	mistralai/mistral-large-2512	mistralai-mistral-large-2512	openrouter/models/mistralai-mistral-large-2512	openrouter-complete	features.tool_call	
zenmux	moonshotai/kimi-k2-0905	moonshotai-kimi-k2-0905	openrouter	moonshotai/kimi-k2-0905	moonshotai-kimi-k2-0905	openrouter/models/moonshotai-kimi-k2-0905	openrouter-complete	features.tool_call	
zenmux	moonshotai/kimi-k2-thinking	moonshotai-kimi-k2-thinking	openrouter	moonshotai/kimi-k2-thinking	moonshotai-kimi-k2-thinking	openrouter/models/moonshotai-kimi-k2-thinking	openrouter-complete	features.tool_call	
zenmux	moonshotai/kimi-k2.5	moonshotai-kimi-k2-5	openrouter	moonshotai/kimi-k2.5	moonshotai-kimi-k2-5	openrouter/models/moonshotai-kimi-k2-5	openrouter-complete	features.tool_call	
zenmux	moonshotai/kimi-k2.6	moonshotai-kimi-k2-6	openrouter	moonshotai/kimi-k2.6	moonshotai-kimi-k2-6	openrouter/models/moonshotai-kimi-k2-6	openrouter-complete	features.tool_call	
zenmux	openai/chat-latest	openai-chat-latest	openai	chat-latest	chat-latest	openai/models/chat-latest	prefix-complete	features.tool_call	
zenmux	openai/gpt-4.1	openai-gpt-4-1	openrouter	openai/gpt-4.1	openai-gpt-4-1	openrouter/models/openai-gpt-4-1	openrouter-complete	features.tool_call	
zenmux	openai/gpt-4.1-mini	openai-gpt-4-1-mini	openrouter	openai/gpt-4.1-mini	openai-gpt-4-1-mini	openrouter/models/openai-gpt-4-1-mini	openrouter-complete	features.tool_call	
zenmux	openai/gpt-4.1-nano	openai-gpt-4-1-nano	openrouter	openai/gpt-4.1-nano	openai-gpt-4-1-nano	openrouter/models/openai-gpt-4-1-nano	openrouter-complete	features.tool_call	
zenmux	openai/gpt-4o	openai-gpt-4o	openrouter	openai/gpt-4o	openai-gpt-4o	openrouter/models/openai-gpt-4o	openrouter-complete	features.tool_call	
zenmux	openai/gpt-4o-mini	openai-gpt-4o-mini	openrouter	openai/gpt-4o-mini	openai-gpt-4o-mini	openrouter/models/openai-gpt-4o-mini	openrouter-complete	features.tool_call	
zenmux	openai/gpt-5	openai-gpt-5	openrouter	openai/gpt-5	openai-gpt-5	openrouter/models/openai-gpt-5	openrouter-complete	features.tool_call	
zenmux	openai/gpt-5-chat	openai-gpt-5-chat	openrouter	openai/gpt-5-chat	openai-gpt-5-chat	openrouter/models/openai-gpt-5-chat	openrouter-complete	features.tool_call	
zenmux	openai/gpt-5-codex	openai-gpt-5-codex	openrouter	openai/gpt-5-codex	openai-gpt-5-codex	openrouter/models/openai-gpt-5-codex	openrouter-complete	features.tool_call	
zenmux	openai/gpt-5-mini	openai-gpt-5-mini	openrouter	openai/gpt-5-mini	openai-gpt-5-mini	openrouter/models/openai-gpt-5-mini	openrouter-complete	features.tool_call	
zenmux	openai/gpt-5-nano	openai-gpt-5-nano	openrouter	openai/gpt-5-nano	openai-gpt-5-nano	openrouter/models/openai-gpt-5-nano	openrouter-complete	features.tool_call	
zenmux	openai/gpt-5-pro	openai-gpt-5-pro	openrouter	openai/gpt-5-pro	openai-gpt-5-pro	openrouter/models/openai-gpt-5-pro	openrouter-complete	features.tool_call	
zenmux	openai/gpt-5.1	openai-gpt-5-1	openrouter	openai/gpt-5.1	openai-gpt-5-1	openrouter/models/openai-gpt-5-1	openrouter-complete	features.tool_call	
zenmux	openai/gpt-5.1-chat	openai-gpt-5-1-chat	openrouter	openai/gpt-5.1-chat	openai-gpt-5-1-chat	openrouter/models/openai-gpt-5-1-chat	openrouter-complete	features.tool_call	
zenmux	openai/gpt-5.1-codex	openai-gpt-5-1-codex	openrouter	openai/gpt-5.1-codex	openai-gpt-5-1-codex	openrouter/models/openai-gpt-5-1-codex	openrouter-complete	features.tool_call	
zenmux	openai/gpt-5.1-codex-mini	openai-gpt-5-1-codex-mini	openrouter	openai/gpt-5.1-codex-mini	openai-gpt-5-1-codex-mini	openrouter/models/openai-gpt-5-1-codex-mini	openrouter-complete	features.tool_call	
zenmux	openai/gpt-5.2	openai-gpt-5-2	openrouter	openai/gpt-5.2	openai-gpt-5-2	openrouter/models/openai-gpt-5-2	openrouter-complete	features.tool_call	
zenmux	openai/gpt-5.2-chat	openai-gpt-5-2-chat	openrouter	openai/gpt-5.2-chat	openai-gpt-5-2-chat	openrouter/models/openai-gpt-5-2-chat	openrouter-complete	features.tool_call	
zenmux	openai/gpt-5.2-codex	openai-gpt-5-2-codex	openrouter	openai/gpt-5.2-codex	openai-gpt-5-2-codex	openrouter/models/openai-gpt-5-2-codex	openrouter-complete	features.tool_call	
zenmux	openai/gpt-5.2-pro	openai-gpt-5-2-pro	openrouter	openai/gpt-5.2-pro	openai-gpt-5-2-pro	openrouter/models/openai-gpt-5-2-pro	openrouter-complete	features.tool_call	
zenmux	openai/gpt-5.3-chat	openai-gpt-5-3-chat	openrouter	openai/gpt-5.3-chat	openai-gpt-5-3-chat	openrouter/models/openai-gpt-5-3-chat	openrouter-complete	features.tool_call	
zenmux	openai/gpt-5.3-codex	openai-gpt-5-3-codex	openrouter	openai/gpt-5.3-codex	openai-gpt-5-3-codex	openrouter/models/openai-gpt-5-3-codex	openrouter-complete	features.tool_call	
zenmux	openai/gpt-5.4	openai-gpt-5-4	openrouter	openai/gpt-5.4	openai-gpt-5-4	openrouter/models/openai-gpt-5-4	openrouter-complete	features.tool_call	
zenmux	openai/gpt-5.4-mini	openai-gpt-5-4-mini	openrouter	openai/gpt-5.4-mini	openai-gpt-5-4-mini	openrouter/models/openai-gpt-5-4-mini	openrouter-complete	features.tool_call	
zenmux	openai/gpt-5.4-nano	openai-gpt-5-4-nano	openrouter	openai/gpt-5.4-nano	openai-gpt-5-4-nano	openrouter/models/openai-gpt-5-4-nano	openrouter-complete	features.tool_call	
zenmux	openai/gpt-5.4-pro	openai-gpt-5-4-pro	openrouter	openai/gpt-5.4-pro	openai-gpt-5-4-pro	openrouter/models/openai-gpt-5-4-pro	openrouter-complete	features.tool_call	
zenmux	openai/gpt-5.5	openai-gpt-5-5	openrouter	openai/gpt-5.5	openai-gpt-5-5	openrouter/models/openai-gpt-5-5	openrouter-complete	features.tool_call	
zenmux	openai/gpt-5.5-pro	openai-gpt-5-5-pro	openrouter	openai/gpt-5.5-pro	openai-gpt-5-5-pro	openrouter/models/openai-gpt-5-5-pro	openrouter-complete	features.tool_call	
zenmux	openai/o4-mini	openai-o4-mini	openrouter	openai/o4-mini	openai-o4-mini	openrouter/models/openai-o4-mini	openrouter-complete	features.tool_call	
zenmux	qwen/qwen3-14b	qwen-qwen3-14b	openrouter	qwen/qwen3-14b	qwen-qwen3-14b	openrouter/models/qwen-qwen3-14b	openrouter-complete	features.tool_call	
zenmux	qwen/qwen3-235b-a22b-2507	qwen-qwen3-235b-a22b-2507	openrouter	qwen/qwen3-235b-a22b-2507	qwen-qwen3-235b-a22b-2507	openrouter/models/qwen-qwen3-235b-a22b-2507	openrouter-complete	features.tool_call	
zenmux	qwen/qwen3-235b-a22b-thinking-2507	qwen-qwen3-235b-a22b-thinking-2507	openrouter	qwen/qwen3-235b-a22b-thinking-2507	qwen-qwen3-235b-a22b-thinking-2507	openrouter/models/qwen-qwen3-235b-a22b-thinking-2507	openrouter-complete	features.tool_call	
zenmux	qwen/qwen3-coder	qwen-qwen3-coder	openrouter	qwen/qwen3-coder	qwen-qwen3-coder	openrouter/models/qwen-qwen3-coder	openrouter-complete	features.tool_call	
zenmux	qwen/qwen3-coder-plus	qwen-qwen3-coder-plus	openrouter	qwen/qwen3-coder-plus	qwen-qwen3-coder-plus	openrouter/models/qwen-qwen3-coder-plus	openrouter-complete	features.tool_call	
zenmux	qwen/qwen3-max	qwen-qwen3-max	openrouter	qwen/qwen3-max	qwen-qwen3-max	openrouter/models/qwen-qwen3-max	openrouter-complete	features.tool_call	
zenmux	qwen/qwen3.6-flash	qwen-qwen3-6-flash	openrouter	qwen/qwen3.6-flash	qwen-qwen3-6-flash	openrouter/models/qwen-qwen3-6-flash	openrouter-complete	features.tool_call	
zenmux	qwen/qwen3.6-max-preview	qwen-qwen3-6-max-preview	openrouter	qwen/qwen3.6-max-preview	qwen-qwen3-6-max-preview	openrouter/models/qwen-qwen3-6-max-preview	openrouter-complete	features.tool_call	
zenmux	qwen/qwen3.6-plus	qwen-qwen3-6-plus	openrouter	qwen/qwen3.6-plus	qwen-qwen3-6-plus	openrouter/models/qwen-qwen3-6-plus	openrouter-complete	features.tool_call	
zenmux	stepfun/step-3.5-flash	stepfun-step-3-5-flash	openrouter	stepfun/step-3.5-flash	stepfun-step-3-5-flash	openrouter/models/stepfun-step-3-5-flash	openrouter-complete	features.tool_call	
zenmux	tencent/hy3-preview	tencent-hy3-preview	openrouter	tencent/hy3-preview	tencent-hy3-preview	openrouter/models/tencent-hy3-preview	openrouter-complete	features.tool_call	
zenmux	x-ai/grok-4	x-ai-grok-4	openrouter	x-ai/grok-4	x-ai-grok-4	openrouter/models/x-ai-grok-4	openrouter-complete	features.tool_call	
zenmux	x-ai/grok-4-fast	x-ai-grok-4-fast	openrouter	x-ai/grok-4-fast	x-ai-grok-4-fast	openrouter/models/x-ai-grok-4-fast	openrouter-complete	features.tool_call	
zenmux	x-ai/grok-4.1-fast	x-ai-grok-4-1-fast	openrouter	x-ai/grok-4.1-fast	x-ai-grok-4-1-fast	openrouter/models/x-ai-grok-4-1-fast	openrouter-complete	features.tool_call	
zenmux	x-ai/grok-4.3	x-ai-grok-4-3	openrouter	x-ai/grok-4.3	x-ai-grok-4-3	openrouter/models/x-ai-grok-4-3	openrouter-complete	features.tool_call	
zenmux	x-ai/grok-code-fast-1	x-ai-grok-code-fast-1	openrouter	x-ai/grok-code-fast-1	x-ai-grok-code-fast-1	openrouter/models/x-ai-grok-code-fast-1	openrouter-complete	features.tool_call	
zenmux	xiaomi/mimo-v2-flash	xiaomi-mimo-v2-flash	openrouter	xiaomi/mimo-v2-flash	xiaomi-mimo-v2-flash	openrouter/models/xiaomi-mimo-v2-flash	openrouter-complete	features.tool_call	
zenmux	xiaomi/mimo-v2-omni	xiaomi-mimo-v2-omni	openrouter	xiaomi/mimo-v2-omni	xiaomi-mimo-v2-omni	openrouter/models/xiaomi-mimo-v2-omni	openrouter-complete	features.tool_call	
zenmux	xiaomi/mimo-v2-pro	xiaomi-mimo-v2-pro	openrouter	xiaomi/mimo-v2-pro	xiaomi-mimo-v2-pro	openrouter/models/xiaomi-mimo-v2-pro	openrouter-complete	features.tool_call	
zenmux	xiaomi/mimo-v2.5	xiaomi-mimo-v2-5	openrouter	xiaomi/mimo-v2.5	xiaomi-mimo-v2-5	openrouter/models/xiaomi-mimo-v2-5	openrouter-complete	features.tool_call	
zenmux	xiaomi/mimo-v2.5-pro	xiaomi-mimo-v2-5-pro	openrouter	xiaomi/mimo-v2.5-pro	xiaomi-mimo-v2-5-pro	openrouter/models/xiaomi-mimo-v2-5-pro	openrouter-complete	features.tool_call	
zenmux	z-ai/glm-4.5	z-ai-glm-4-5	openrouter	z-ai/glm-4.5	z-ai-glm-4-5	openrouter/models/z-ai-glm-4-5	openrouter-complete	features.tool_call	
zenmux	z-ai/glm-4.5-air	z-ai-glm-4-5-air	openrouter	z-ai/glm-4.5-air	z-ai-glm-4-5-air	openrouter/models/z-ai-glm-4-5-air	openrouter-complete	features.tool_call	
zenmux	z-ai/glm-4.6	z-ai-glm-4-6	openrouter	z-ai/glm-4.6	z-ai-glm-4-6	openrouter/models/z-ai-glm-4-6	openrouter-complete	features.tool_call	
zenmux	z-ai/glm-4.6v	z-ai-glm-4-6v	openrouter	z-ai/glm-4.6v	z-ai-glm-4-6v	openrouter/models/z-ai-glm-4-6v	openrouter-complete	features.tool_call	
zenmux	z-ai/glm-4.7	z-ai-glm-4-7	openrouter	z-ai/glm-4.7	z-ai-glm-4-7	openrouter/models/z-ai-glm-4-7	openrouter-complete	features.tool_call	
zenmux	z-ai/glm-5	z-ai-glm-5	openrouter	z-ai/glm-5	z-ai-glm-5	openrouter/models/z-ai-glm-5	openrouter-complete	features.tool_call	
zenmux	z-ai/glm-5-turbo	z-ai-glm-5-turbo	openrouter	z-ai/glm-5-turbo	z-ai-glm-5-turbo	openrouter/models/z-ai-glm-5-turbo	openrouter-complete	features.tool_call	
zenmux	z-ai/glm-5.1	z-ai-glm-5-1	openrouter	z-ai/glm-5.1	z-ai-glm-5-1	openrouter/models/z-ai-glm-5-1	openrouter-complete	features.tool_call	
zenmux	z-ai/glm-5v-turbo	z-ai-glm-5v-turbo	openrouter	z-ai/glm-5v-turbo	z-ai-glm-5v-turbo	openrouter/models/z-ai-glm-5v-turbo	openrouter-complete	features.tool_call	
